Saru kód,,Megjegyzés,Saru hely,Saruzó Fej,Fej hely,,,0.25,0.35,0.50,0.75,1.00,,1.50,2.00,2.50,3.00,4.00,5.00,6.00
0010188001,2244210022.1,,T8,N°120,E6,,,,,D,C,B,,A,,,,,,
2244210022.1,,,,,,,,,,1.23,1.30,1.40,,1.54,,,,,,
,,,,,,,,,,,,,,,,,,,,
,,,,,,,,,,,,,,,,,,,,
0010188001,2244210022.1,,T8,N°155,D1,,,,22.0,21.4,21.4,20.4,,19.3,18.0,21.4,,,,
2244210022.1,,,,,,,,,1.34,1.23,1.30,1.40,,1.55,1.80,1.44,,,,
,,,,,,,,,DUPLA BLANK,,,,,,,0.50 DB,,,,
,,,,,,,,,,,,,,,,0.50,,,,
0010188001,2244210022.1,,T8,N°177,B7,,,,20.8,21.2,20.9,19.5,,17.9,15.0,21.4,,,,
2244210022.1,,,,,,,,,1.34,1.23,1.30,1.40,,1.55,1.80,1.44,,,,
,,,,,,,,,DUPLA BLANK,,,,,,,0.50 DB,,,,
,,,,,,,,,,,,,,,,0.50,,,,
0010189001,2244210022,,N53,N°4,B7,,,,,21.6,21.0,19.5,,18.6,17.7,,,,,
2244210022,,,,,,,,,,1.12,1.22,1.33,,1.44,1.52,,,,,
,,,,,,,,,,,,,,,,,,,,
,,,,,,,,,,,,,,,,,,,,
0010189001,2244210022,,N53,N°120,E6,,,,,D,C,B,,A,,,,,,
2244210022,,,,,,,,,,1.09,1.18,1.29,,1.38,,,,,,
,,,,,,,,,,,,,,,,,,,,
,,,,,,,,,,,,,,,,,,,,
0010213201(160336),,,D4,N°26,A7,,,,,,,17.1/12.3,,17.7/14.1,21.6/16.2,22.8/14.1,21.9/14.4,"22,2/13.6",21.2/12.0,18.0/15.6
,,,,,,,,,,,,2.79,,2.71,2.28,2.19,2.24,2.38,2.50,2.65
,,,,,,,,,,,,7.00(6.0+1.0),,6.50(4+2.5), 3.50(2.5+.05+0.5),,2x1.50,,2x2.50,
,,,,,,,,,,,,,,,,,,,,
0010213201 (140654-0),,,D7,N°26,A7,,,,,10.8/14.4,,10.8/9.3,,,15.3/13.2,17.4/14.4,16.5/13.2,15.3/12.0,13.5/12.0,11.1/13.2
626037-2,,,,,,,,,,3.45,,3.45,,,2.99,2.76,2.89,3.00,3.18,3.34
,,,,,,,,,,6+1.00,,4+2.50,,,2.50+0.5+0.5,,,,,
,,,,,,,,,,,,,,,,,,,,
0010592201,2340220022,KIZÁRÓLAG AMP. SZERVÓ ÁLLÍTÁS A KÍVÁNT SARUMAGASSÁG ELÉRÉSÉIG,T3,N°116,E8,,,,,,,,,,,,,,,
2340220022,,,,,,,,,,1.08,1.20,1.30,,,,,,,,
,,,,,,,,,,,,,,,,,,,,
,,,,,,,,KIZÁRÓLAG AMP. SZERVÓ ÁLLÍTÁS A KÍVÁNT SARUMAGASSÁG ELÉRÉSÉIG,,,,,,,,,,,,
0010627201,2340220031,,D4,N°102,E8,,,,,,,13.2,,,,22.4,21.6,18.6,15.6,13.6
2340220031,,,,,,,,,,,,3.45,,,,2.63,2.50,2.75,3.00,3.20
,,,,,,,,,,,,6.00,,,,3.50,,,,
,,,,,,,,,,,,,,,,,,,,
0010714201,2340220026,,T6,N°91,E8,,,,,,19.5/0,19.4/0,,18.4/0,17.0/0,16.2/0,17.0/0,,,
2340220026,,,,,,,,,,,1.72,1.75,,1.85,1.95,2.05,1.93,,,
,,,,,,,,,,,0.50+0.35,,,,,,1.50+0.25,,,
,,,,,,,,,,,,,,,,,,,,
0010934101,,,,N°3,D7,,,,,,,,,,,,15.6/13.2,,,
,,,,,,,,,,,,,,,,,1.71,,,
,,,,,,,,,,,,,,,,,2x1.50,,,
,,,,,,,,,,,,,,,,,,,,
0011030201,2200112420,,S11,N°95,C7,,,,,18.8/14.6,17.4/14.0,16.8/13.8,,,,,,,,
2200112420,,,,,,,,,,1.70,1.80,1.85,,,,,,,,
,,,,,,,,,,,,,,,,,,,,
,,,,,,,,,,,,,,,,,,,,
0011398101,2022110420.1,,T8,N°61,E8,,,,,D/6,C/6,B/6,,,,,,,,
2022110420.1,,,,,,,,,,1.07,1.17,1.27,,,,,,,,
,,,,,,,,,,,,,,,,,,,,
,,,,,,,,,,,,,,,,,,,,
0011406101,2122120077,,T8,N°56,C2,,,,,,,,,C/4,,,,,,
2122120077,,,,,,,,,,,,,,1.48,,,,,,
,,,,,,,,,,,,,,,,,,,,
,,,,,,,,,,,,,,,,,,,,
0011406101,2122120077,,T8,N°171,E7,,,,,"21,0/13.2",19.5/12.6,18.5/12.0,,17.5/10.2,,,,,,
2122120077,,,,,,,,,,1.20,1.30,1.40,,1.50,,,,,,
,,,,,,,,,,,,,,,,,,,,
,,,,,,,,,,,,,,,,,,,,
0011547201,,,,N°17,A4,,,,,18.3/21.6,17.1/20.4,,,,,,,,,
,,,,,,,,,,1.32,1.40,,,,,,,,,
,,,,,,,,,,,,,,,,,,,,
,,,,,,,,,,,,,,,,,,,,
011/3201/00,2252120022.2,,T5,N°98,E3,,,,,19.3/18.0,19.0/15.8,18.0/14.8,,16.2/14.0,14.6/13.6,16.6/12.8,,,,
2252120022.2,,,,,,,,,,1.44,1.48,1.55,,1.70,1.77,1.83,,,,
,,,,,,,,,,,,,,,,,,,,
,,,,,,,,,,,,,,,,,,,,
016-02-0087,,"   Szigmegfogó mögül kivenni a 0,60-as hézagolót, rézkés mögé betenni+hézagoló első mozgóüllő  és az üllő közé berakni a spec alakú hézagoló lemezt!!",,N°72,E2,,,,,21.0/1.5,,,,,,,,,,
,,,,,,,,,,0.95,,,,,,,,,,
,,,,,,,,,,,,,,,,,,,,
,,,,,,,,"   Szigmegfogó mögül kivenni a 0,60-as hézagolót, rézkés mögé betenni+hézagoló első mozgóüllő  és az üllő közé berakni a spec alakú hézagoló lemezt!!",,,,,,,,,,,,
0350979712,C11900001,,T9,N°4,B7,,,,,21.3/21.3,,,,,,,,,,
C11900001,,,,,,,,,,0.87,,,,,,,,,,
,,,,,,,,,,,,,,,,,,,,
,,,,,,,,,,,,,,,,,,,,
0421 4277(EGYS.CSOMAG) ,,FEHÉR GUMI SZIG.MEGFOGÓT KIVENNI!,,N°48,B6,,,,,,,,,D,,C,,,,
,,,,,,,,,,,,,,1.68,,1.84,,,,
,,,,,,,,,,,,,,,,,,,,
,,,,,,,,FEHÉR GUMI SZIG.MEGFOGÓT KIVENNI!,,,,,,,,,,,,
08-50-0113,2642520016,Egyesével saruzni + A saru szélét levágni.,T1,N°54,C1,,,,D/5,B/5,C/5,,,,,,,,,
2642520016,,,,,,,,,0.68,0.80,1.03,,,,,,,,,
,,,,,,,,,,,Üllő Ki,,,,,,,,,
,,,,,,,,Egyesével saruzni + A saru szélét levágni.,,,,,,,,,,,,
08-70-1031,2662120020,,R1,N°64,E5,,,,D/5,D/5,,,,,,,,,,
2662120020,,,,,,,,,0.94,0.97,,,,,,,,,,
,,,,,,,,,,,,,,,,,,,,
,,,,,,,,,,,,,,,,,,,,
0945180301,,,,N°145,D6,,,,,,,D/8,,D/8,,C/8,,C/6,,B/4
,,,,,,,,,,,,1.82,,1.80,,1.88,,1.92,,1.99
,,,,,,,,,,,,DUPLA BLANK,,,,,,,,
,,,,,,,,,,,,,,,,,,,,
1-962918-1,2311120026.1,,,N°15,A4,,,,,,,,,14.1,,,,,,
2311120026.1,,,,,,,,,,,,,,1.88,,,,,,
,,,,,,,,,,,,,,,,,,,,
,,,,,,,,,,,,,,,,,,,,
1-968855-1,2122120139,,T2,N°88,C6,,,,,22.1/18.2,20.1/18.0,19.4/18.0,,,,,,,,
2122120139,,,,,,,,,,1.18,1.27,1.36,,,,,,,,
,,,,,,,,,,,,,,,,,,,,
,,,,,,,,,,,,,,,,,,,,
1-968857-1,2CA000007,2CA000007,D17,N°9,A2,,,,,,,,,17.0/14.0,,15.0/9.0,,,,
2CA000007,,,,,,,,,,,,,,1.47,,1.78,,,,
,,,,,,,,,,,,,,,,,,,,
,,,,,,,,Konnektor próba ( szigetelésmegfogó ME.991450375 N82 ) ,,,,,,,,,,,,
1-968857-3,2122120104,,,N°9,A2,,,,,,,,,17.0/14.0,,14.0/14.0,,,,
2122120104,,,,,,,,,,,,,,1.47,,1.76,,,,
,,,,,,,,,,,,,,,,,,,,
,,,,,,,,,,,,,,,,,,,,
1.928.498.003,,,,N°54,C1,,,,,A/5,,,,,,,,,,
,,,,,,,,,,1.02,,,,,,,,,,
,,,,,,,,,,,,,,,,,,,,
,,,,,,,,,,,,,,,,,,,,
1.928.498.056,2122120107,,N57,N°88,C6,,,,,21.5/18.0,21.2/18.0,20./18.0,,,,,,,,
2122120107,,,,,,,,,,1.18,1.26,1.35,,,,,,,,
,,,,,,,,,,,,,,,,,,,,
,,,,,,,,,,,,,,,,,,,,
1.928.498.991 ,2122120308,2XCL000021,Solmec doboz,N°78,C4,,,,,18.0/3.0,,,,,,,,,,
2122120308,,,,,,,,,,1.00,,,,,,,,,,
,,,,,,,,,,,,,,,,,,,,
,,,,,,,,,,,,,,,,,,,,
1/86557/4,2181120013,,T1,N°70,E2,,,23.1/12.3,22.5/13.2,23.7/12.3,,,,,,,,,,
2181120013,,,,,,,,0.75,0.80,0.73,,,,,,,,,,
,,,,,,,,,,,,,,,,,,,,
,,,,,,,,,,,,,,,,,,,,
1/962915-1,2271620020,,S1,N°76,E5,,,,,"21,8/22,5",20.8/22.0,,,,,,,,,
2271620020,,,,,,,,,,1.15,1.25,,,,,,,,,
,,,,,,,,,,,,,,,,,,,,
,,,,,,,,,,,,,,,,,,,,
104479-8,2182120013.10,,R1,N°54,C1,,,,,A/5,,,,,,,,,,
2182120013.10,,,,,,,,,,0.97,,,,,,,,,,
,,,,,,,,,,,,,,,,,,,,
,,,,,,,,,,,,,,,,,,,,
1060-12-0166,2961120026,A 2.00 -nál kisebbeknél sok papír kell a szigetelésmegfogóhoz !!,T5,N°49,B6,,,,,,,D/8,,D/8,D/8,D/8,,C/7,,
2961120026,,,,,,,,,,,,2.05,,1.92,2.10,2.20,,2.30,,
1062-12-0166,,,,,,,,,,,,,,,,,,,,
2122120160,,,,,,,,A 2.00 -nál kisebbeknél sok papír kell a szigetelésmegfogóhoz !!,,,,,,,,,,,,
1.95,2961500017,,R1,N°159,E5,,,,19.2/15.0,19.8/14.4,,18.3/13.8,,,,,,,,
2961500017,,,,,,,,,1.30,1.20,,1.37,,,,,,,,
,,,,,,,,,Dupla Blank,,,,,,,,,,,
,,,,,,,,,,,,,,,,,,,,
1060-16-0122,2961500017,"0.10mm +réz 991460174(A2) vékony + 0.50mm hézagoló + szigetelésmegfogó rögzítő + szigetelésmegfogó ,adagolás állítás megvezetés állítás ",R1,N°87,C6,,,,,,,,,,16.7/17.4,16.0/18.0,,,,
2961500017,,,,,,,,,,,,,,,1.59,1.60,,,,
,,,,,,,,,,,,,,,,,,,,
,,,,,,,,"0.10mm +réz 991460174(A2) vékony + 0.50mm hézagoló + szigetelésmegfogó rögzítő + szigetelésmegfogó ,adagolás állítás megvezetés állítás ",,,,,,,,,,,,
1060-16-0677,2961500018,,T1,N°159,E5,,,,19.2/15.0,19.8/14.4,"18,3/13,8",18.3/13.8,,16.8/13.5,16.5/12.3,17.0/12.6,,,,
2961500018,,,,,,,,,1.60,1.50,1.60,1.65,,1.80,1.95,2.10,,,,
,,,,,,,,,Dupla Blank,,,,,,,,,,,
,,,,,,,,,,,,,,,,,,,,
1060-16-0144,2961500019,1734-1139-1,,N°159,E5,,,,19.2/15.0,19.8/14.4,"18,3/13,8",18.3/13.8,,16.8/13.5,16.5/12.3,17.0/12.6,,,,
2961500019,,,,,,,,,1.60,1.50,1.60,1.65,,1.80,1.95,2.10,,,,
1734-1139-1,,,,,,,,,Dupla Blank,,,,,,,16AWG,,,,
,,,,,,,,1734-1139-1,,,,,,,,,,,,
1062-16-0122,2962500017,,T1,N°159,E5,,,,19.2/15.0,19.8/14.4,"18,3/13,8",18.3/13.8,,16.8/13.5,16.5/12.3,17.0/12.6,,,,
2962500017,,,,,,,,,1.30,1.20,1.30,1.37,,1.53,1.54,1.48,,,,
,,,,,,,,,Dupla Blank,,,,,,,16AWG,,,,
,,,,,,,,,,,,,,,,,,,,
1062-16-0122,2962500017,"0.10mm +réz 991460174(A2) vékony + 0.50mm hézagoló + szigetelésmegfogó rögzítő + szigetelésmegfogó ,adagolás állítás megvezetés állítás",T1,N°87,C6,,,,,,,,,,16.7/17.4,16.0/18.0,,,,
2962500017,,,,,,,,,,,,,,,1.59,1.60,,,,
,,,,,,,,,,,,,,,,,,,,
,,,,,,,,"0.10mm +réz 991460174(A2) vékony + 0.50mm hézagoló + szigetelésmegfogó rögzítő + szigetelésmegfogó ,adagolás állítás megvezetés állítás",,,,,,,,,,,,
1062-20-0122,2962500117,"két kés közötti vastag hézagoló csere 0.35 -re ,szigmegfogó 6272011",T1,N°159,,,,,21.5/21.2,21.0/21.0,18.3/15.0,17.4/14.0,,17.0/13.0,,,,,,
2962500117,,,,,,,,,1.05,1.10,1.30,1.40,,1.50,,,,,,
,,,,,,,,,,,,,,,,,,,,
,,,,,,,,"két kés közötti vastag hézagoló csere 0.35 -re ,szigmegfogó 6272011",,,,,,,,,,,,
1123343-1,2122120044,,T13,N°157,E1,,,,,22.0/17.0,,,,,,,,,,
,,,,,,,,,,1.02,,,,,,,,,,
,,,,,,,,,,,,,,,,,,,,
,,,,,,,,,,,,,,,,,,,,
12020758,,,,N°22,A6,,,,,19.5/16.2,,,,,,,,,,
,,,,,,,,,,1.19,,,,,,,,,,
,,,,,,,,,,,,,,,,,,,,
,,,,,,,,,,,,,,,,,,,,
12033820,12033820,,EXT,N°63,C3,,,,,,,,,,,,,C/9,,
,,,,,,,,,,,,,,,,,,2.14,,
,,,,,,,,,,,,,,,,,,,,
,,,,,,,,,,,,,,,,,,,,
12052221,2492120026.1,,R1,N°128,D3,,,,,,,,,,,D/6,,B/5,,
2492120026.1,,,,,,,,,,,,,,,,2.06,,2.12,,
,,,,,,,,,,,,,,,,,,,,
,,,,,,,,,,,,,,,,,,,,
12064735,,,,N°44,B5,,,,,,,,,B/7,,C/5,,D/2,,
,,,,,,,,,,,,,,2.10,,2.22,,2.31,,
,,,,,,,,,,,,,,,,,,,,
,,,,,,,,,,,,,,,,,,,,
12064735,,,,N°22,A6,,,,,20.1/21.3,19.8/20.7,,,,,,,,,
,,,,,,,,,,1.09,1.15,,,,,,,,,
,,,,,,,,,,,,,,,,,,,,
,,,,,,,,,,,,,,,,,,,,
12064736,2491120029.1,,S3,N°63,C3,,,,,,,,,,,D/4,,C/4,,B/4
2491120029.1,,,,,,,,,,,,,,,,1.99,,2.10,,2.30
,,,,,,,,,,,,,,,,,,,,
,,,,,,,,,,,,,,,,,,,,
12064737,2122120101,,S2,N°176,E5,,,,,,,,,,,16.5,,14.3,,12.3
2122120101,,,,,,,,,,,,,,,,1.85,,2.05,,2.30
,,,,,,,,,,,,,,,,,,,,
,,,,,,,,,,,,,,,,,,,,
12048254,,"A szigm. felül nem záródhat össze ,mert nem erre a gumira való",,N°176,E5,,,,,,,,,,,,,14.0/18.1,,
,,,,,,,,,,,,,,,,,,2.08,,
,,,,,,,,,,,,,,,,,,AWG12,,
,,,,,,,,"A szigm. felül nem záródhat össze ,mert nem erre a gumira való",,,,,,,,,,,,
12084449,2261100020,"A 169. fejjel saruzni ,de ,ha muszály a 22.fejjel is lehet a beállítások ugyan azok. EGYESÉVEL",T13,N°169,A6,,,,,20.8/21.3,19.8/20.7,,,,,,,,,
2261100020,,,,,,,,,,1.09,1.15,,,,,,,,,
,,,,,,,,,,,,,,,,,,,,
,,,,,,,,"A 169. fejjel saruzni ,de ,ha muszály a 22.fejjel is lehet a beállítások ugyan azok. EGYESÉVEL",,,,,,,,,,,,
12089649,2262100022,"Egyesével ,Ha kell a 22-es fej is használható",T12,N°169,A,,,,,A,A,,,,,,,,,
2262100022,,,,,,,,,,1.07,1.15,,,,,,,,,
,,,,,,,,,,,,,,,,,,,,
,,,,,,,,"Egyesével ,Ha kell a 22-es fej is használható",,,,,,,,,,,,
1108501,2122120039,Ugyan az mint: 1708501,,N°22,A6,,,,,,16.5/17.1,17.1/17.7,,,,,,,,
2262100022,,,,,,,,,,,1.58,1.64,,,,,,,,
Ugyan az mint = 1708501,,,,,,,,,,,,,,,,,,,,
,,,,,,,,,,,,,,,,,,,,
12124581,2122120200,,,N°15,A4,,,,,,,,,,,12.6/8.8,,,,
,,,,,,,,,,,,,,,,2.00,,,,
,,,,,,,,,,,,,,,,,,,,
,,,,,,,,,,,,,,,,,,,,
12124582,2122120201,,C4,N°15,A4,,,,,,,15.6/22.5,,15.2/22.5,,,,,,
2122120201,,,,,,,,,,,,1.55,,1.65,,,,,,
,,,,,,,,,,,,,,,,,,,,
,,,,,,,,,,,,,,,,,,,,
12124587,2122120202,"Adagolás csak jobbról kézzel ,Rézmegfogó csere 5254014 (Csak 2.00 alatt)",,N°15,A4,,,,,,,15.5/12.0,,,,,,,,
2122120202,,,,,,,,,,,,1.65,,,,,,,,
,,,,,,,,,,,,,,,,,,,,
,,,,,,,,"Adagolás csak jobbról kézzel ,Rézmegfogó csere 5254014 (Csak 2.00 alatt)",,,,,,,,,,,,
12129409,2122120457,,,N°152,D,,,,,,D5,D5,,C5,B4,A4,,,,
2122120457,,,,,,,,,,,1.60,1.66,,1.77,1.86,1.96,,,,
,,,,,,,,,,,,,,,,,,,,
,,,,,,,,,,,,,,,,,,,,
12158098,,"Mozgó üllő ki ,egyesével ,lassú.         Ha kell  hézagolót kell barakni a réz és a szig.üllő közé.",0.POZ,N°76,E5,,,,,21.0/10.2,,,,,,,,,,
,,,,,,,,,,1.25,,,,,,,,,,
,,,,,,,,,,,,,,,,,,,,
,,,,,,,,"Mozgó üllő ki ,egyesével ,lassú.         Ha kell  hézagolót kell barakni a réz és a szig.üllő közé.",,,,,,,,,,,,
1217094-2,2121120180,"0,40mm hézagoló a réz alá + adagolás állítás",N48,N°123,D2,,,,,,,C3,,B3,B3,A2,,,,
2121120180,,,,,,,,,,,,1.44,,1.62,1.66,1.70,,,,
,,,,,,,,,,,,,,,,,,,,
,,,,,,,,"0,40mm hézagoló a réz alá + adagolás állítás",,,,,,,,,,,,
1217264-1,,,,N°148,D6,,,,,,,,,,13.8/19.4,,,,,
,,,,,,,,,,,,,,,2.03,,,,,
,,,,,,,,,,,,,,,Egyesével,,,,,
,,,,,,,,,,,,,,,,,,,,
1217378-2,,"Vágókés ki ,Egyesével",,N°12,A3,,,,21.3/18.3,21.0/18.0,,,,,,,,,,
,,,,,,,,,1.02,1.50,,,,,,,,,,
,,,,,,,,,,,,,,,,,,,,
,,,,,,,,"Vágókés ki ,Egyesével",,,,,,,,,,,,
12185008,,"Mozgó üllő ki ,egyeséve ,lassú.        Ha kell  hézagolót kell barakni a réz és a szig.üllő közé.",0.POZ,N°181,E,,,,,,,,,,,15.2/20.0,,,,
,,,,,,,,,,,,,,,,1.77,,,,
,,,,,,,,,,,,,,,,,,,,
,,,,,,,,"Mozgó üllő ki ,egyeséve ,lassú.        Ha kell  hézagolót kell barakni a réz és a szig.üllő közé.",,,,,,,,,,,,
12191812,2742120020.1,,R1,N°51,B7,,,,,D/4,C/5,B/5,,A/5,,,,,,
2742120020.1,,,,,,,,,,1.14,1.24,1.32,,1.43,,,,,,
,,,,,,,,,,,,,,,,,,,,
,,,,,,,,,,,,,,,,,,,,
12191819,2122120089,"Cserélni szig.megfogó+üllő,  991270440+991450646+gyűrű+3db hézagoló!",R1,N°76,E5,,,,,20.0/Max,,,,,,,,,,
2122120089,,,,,,,,,,1.20,,,,,,,,,,
,,,,,,,,,,,,,,,,,,,,
,,,,,,,,"Cserélni szig.megfogó+üllő,  991270440+991450646+gyűrű+3db hézagoló!",,,,,,,,,,,,
1241396-1,,,,N°98,,,,,,,,17.0/16.1,,16.4/16.1,,14.0/16.0,,,,
2CA000064,,,,,,,,,,,,1.63,,1.67,,1.95,,,,
,,,,,,,,,,,,,,,,,,,,
,,,,,,,,Az egyik réz mögötti hézagolót átrakni a két kés közé,,,,,,,,,,,,
1241380-1,2CA000062,,T12,N°186,D3,,,,,22.8/12.3,21.8/12.3,20.2/12.3,,,,,,,,
2CA000062,,,,,,,,,,1.05,1.15,1.27,,,,,,,,
,,,,,,,,,,,,KONN. PROBA,,,,,,,,
,,,,,,,,,,,,,,,,,,,,
1241394-1,2CA000063,,T12,N°82,E3,,,,,18.4/15.3,18.1/15.3,18.0/15.3,,,,,,,,
2CA000063,,,,,,,,,,1.18,1.27,1.36,,,,,,,,
,,,,,,,,,,,,,,,,,,,,
,,,,,,,,,,,,,,,,,,,,
1241608-1,2182120122.3,,R1,N°124,D3,,,,,D/1,D/1,C/1,,B/1,,,,,,
2182120122.3,,,,,,,,,,1.09,1.11,1.13,,1.36,,,,,,
,,,,,,,,,,,,,,,,,,,,
,,,,,,,,,,,,,,,,,,,,
1241388-1,2122120226,"A rézmegfogo=2XCL000024 ; a szig, alkatrészek a N86-ból (ME.991270367,ME.991450516) , adagolás",,N°88,C6,,,,,21.2/26.0,20.6/26.0,20.0/25.0,,19.0/25.0,,,,,,
2122120226,,,,,,,,,,1.20,1.28,1.30,,1.40,,,,,,
,,,,,,,,,,,,,,,,,,,,
,,,,,,,,"A rézmegfogo=2XCL000024 ; a szig, alkatrészek a N86-ból (ME.991270367,ME.991450516) , adagolás",,,,,,,,,,,,
1318105-1 (2CA000033),,,,N°51,B7,,,,D/8,,,,,,,,,,,
,,,,,,,,,0.95,,,,,,,,,,,
,,,,,,,,,,,,,,,,,,,,
,,,,,,,,RÉZMEGFOGÓ KÉS ALÁ BERAKNI AZ 1 MM-ES HÉZAGOLÓT + ADAGOLÁS ÁLLÍTÁS+ADAGOLÓKÖRÖM ÁLLÍTÁS!,,,,,,,,,,,,
1326030-2,2122120407,"0.1+réz+1.00+0.30+szig.Az üllőt előre kb 1mm.  Adagolás
",,N°151,E7,,,,22.3/21.0,22.0/20.3,21.3/20.1,21.1/20.0,,,,,,,,
2122120407,,,,,,,,,1.15,1.20,1.24,1.30,,,,,,,,
,,,,,,,,,,,,,,,,,,,,
,,,,,,,,"0.1+réz+1.00+0.30+szig.Az üllőt előre kb 1mm.  Adagolás
",,,,,,,,,,,,
1326030-6,2122120407,"0.1+réz+1.00+0.30+szig.Az üllőt előre kb 1mm.  Adagolás
",,N°151,E,,,,22.3/21.0,22.0/20.3,21.3/20.1,21.1/20.0,,,,,,,,
2122120407,,,,,,,,,1.15,1.20,1.24,1.30,,,,,,,,
,,,,,,,,,,,,,,,,,,,,
,,,,,,,,"0.1+réz+1.00+0.30+szig.Az üllőt előre kb 1mm.  Adagolás
",,,,,,,,,,,,
1326030-7,2122120425,réz+0.35+1.00+szig.  A szigetelésmegfogó formájú lemezt kivenni . Ha kell az űllő részt előre elmozdítani. Adagolás,,N°114,E,,,,,,,16.2/8.4,,17.0/8.2,16.0/8.2,,,,,
2122120425,,,,,,,,,,,,1.58,,1.67,1.84,,,,,
,,,,,,,,,,,,,,,,,,,,
,,,,,,,,réz+0.35+1.00+szig.  A szigetelésmegfogó formájú lemezt kivenni . Ha kell az űllő részt előre elmozdítani. Adagolás,,,,,,,,,,,,
1326030-8,2122120432,"Adagolás, megvezetés",,N°170,E,,,,,,,,,,,D8,,C8,,
2122120432,,,,,,,,,,,,,,,,1.91,,2.26,,
,,,,,,,,,,,,,,,,Sz-9,,,,
,,,,,,,,"Adagolás, megvezetés",,,,,,,,,,,,
1393366-1,2122120150,,T12,N°185,D3,,,,,23.5/20.0,22.5/18.0,,,,,,,,,
2122120150,,,,,,,,,,1.00,1.10,,,,,,,,,
,,,,,,,,,,,,,,,,,,,,
,,,,,,,,,,,,,,,,,,,,
140530-0,2122120098,,S5,N°11,A3,,,,, ,15.3/12.9,,,, ,,,,,
2122120098,,,,,,,,,,,1.86,,,,,,,,,
,,,,,,,,,,,,,,,,,,,,
,,,,,,,,,,,,,,,,,,,,
140532,2200112026,,S8,N°11,A3,,,,,,15.3/20.7,14.4/19.5,,13.5/18.9, ,11.4/13.8,,,,
,,,,,,,,,,,1.82,1.88,,2.00,,2.17,,,,
,,,,,,,,,,,,,,,,,,,,
,,,,,,,,,,,,,,,,,,,,
140545,2200132226,,S10,N°11,A3,,,,,,14.7/21.3,13.5/20.4,,12.6/19.5,11.4/18.3,11.4/18.0,,,,
,,,,,,,,,,,1.85,1.95,,2.05,2.15,2.17,,,,
,,,,,,,,,,,,,,,,ÓNOZNI,,,,
,,,,,,,,,,,,,,,,,,,,
140546,,,,N°11,A3,,,,,,15.0/21.3,13.8/20.4,,12.9/19.5,12.6/17.4,11.4/18.0,,,,
,,,,,,,,,,,1.84,1.95,,2.03,2.15,2.17,,,,
,,,,,,,,,,,,,,,,ÓNOZNI,,,,
,,,,,,,,,,,,,,,,,,,,
1418762-1,2122120340,"Kés és üllőcserék az SDB-ben leírva ,PONTOSSAN ÚGY MERT NEM MEGY BELE A CSATLAKOZÓBA ! CSATLAKOZÓ PRÓBA !!! A 184.es fejet is használhatjuk csak más a beállítás.",D24,N°121,E1,,,,,,,20.0/18.4,,18.2/18.2,,,,,,
2122120340,,,,,,,,,,,,1.13,,1.33,,,,,,
,,,,,,,,,,,,,,,,,,,,
,,,,,,,,"Kés és üllőcserék az SDB-ben leírva ,PONTOSSAN ÚGY MERT NEM MEGY BELE A CSATLAKOZÓBA ! CSATLAKOZÓ PRÓBA !!! A 184.es fejet is használhatjuk csak más a beállítás.",,,,,,,,,,,,
1418884-3,2122120140,Konnektor próba,N57,N°186,D,,,,,22.8/12.3,21.8/12.3,20.2/12.3,,19.0/12.3,19.3/12.3,,,,,
2122120140,,,,,,,,,,1.05,1.15,1.27,,1.44,1.34,,,,,
,,,,,,,,,,,,,,,AWG16,,,,,
,,,,,,,,Konnektor próba,,,,,,,,,,,,
142685-3,,,,N°84,C5,,,,,,,,,,,,,,,
,,,,,,,,,1.30,,,,,,,,,3.10,3.50,
,,,,,,,,,,,,,,,,,,,,
,,,,,,,,,,,,,,,,,,,,
142754/1,2271120020,,T3,N°74,C3,,,,,D/7,B/7,,,,,,,,,
2271120020,,,,,,,,,,1.35,1.45,,,,,,,,,
,,,,,,,,,,,,,,,,,,,,
,,,,,,,,,,,,,,,,,,,,
142754/1,2271120020,,T3,N°5,E5,,,,,B/8,A/8,A/8,,,,,,,,
2271120020,,,,,,,,,,1.12,1.21,1.28,,,,,,,,
,,,,,,,,,,SZERVÓ-3,SZERVÓ-2,SZERVÓ-1,,,,,,,,
,,,,,,,,,,,,,,,,,,,,
1452668-1,2122120059,,S2,N°79,C4,,,,,19.5/23.5,18.3/23.5,,,,,,,,,
2122120059,,,,,,,,,,1.07,1.15,,,,,,,,,
,,,,,,,,,,Szakszil,KONN. PROBA,,,,,,,,,
,,,,,,,,,,,,,,,,,,,,
1452671-1,2122120067,Egyesével,N57,N°88,C6,,,,,20.7/14.4,,21.0/20.6,,,,,,,,
2122120067,,,,,,,,,,1.10,,1.20,,,,,,,,
,,,,,,,,,,Szakszil,,Szakszil,,,,,,,,
,,,,,,,,Egyesével,,,,,,,,,,,,
1500-0105,CA1500-0105,Adagolás jobbról kézzel  ,S3,N°90,E3,,,,,,,20.2/10.2,,,,,,,,
CA1500-0105,,,,,,,,,,,,1.37,,,,,,,,
,,,,,,,,,,,,,,,,,,,,
,,,,,,,,Adagolás jobbról kézzel  ,,,,,,,,,,,,
150070,2200211722,,T6,N°13,A3,,,,,15.6/0,,13.8/0,,12.3/0,,,,,,
2200211722,,,,,,,,,,1.75,,1.92,,2.06,,,,,,
,,,,,,,,,,,,,,,,,,,,
,,,,,,,,,,,,,,,,,,,,
150070-5,,,,N°183,E7,,,,,C,,A,,,,,,,,
,,,,,,,,,,1.35,,1.60,,,,,,,,
,,,,,,,,,,,,SZERVO-6,,,,,,,,
,,,,,,,,,,,,,,,,,,,,
150070-5,,Üllő ki,,N°13,A3,,,,A,,12/13,,,,,,,,,
,,,,,,,,,1.41,,1.8,,,,,,,,,
,,,,,,,,,,,,,,,,,,,,
,,,,,,,,Üllő ki,,,,,,,,,,,,
150572/1,,,,N°29,B1,,,,,D/3,D/3,C/3,,C/3,,,,,,
,,,,,,,,,,1.00,1.10,1.13,,1.18,,,,,,
,,,,,,,,,,SZERVÓ+6,SZERVÓ+6,SZERVO+6,,SZERVO+6,,,,,,
,,,,,,,,,,,,,,,,,,,,
15304701,2471120015.3,Szig.megfogó 991450646,R1,N°79,C4,,,,,20.7/14.4,,19.5/10.2,,,,,,,,
2471120015.3,,,,,,,,,,1.10,,1.18,,,,,,,,
,,,,,,,,,,,,,,,,,,,,
,,,,,,,,Szig.megfogó 991450646,,,,,,,,,,,,
15304711,,,,N°136,D5,,,,,D/4,,C/3,,,,,,,,
,,,,,,,,,,1.20,,1.30,,,,,,,,
,,,,,,,,,,,,,,,,,,,,
,,,,,,,,,,,,,,,,,,,,
15304712,2741110027,,O24,N°94,C7,,,,,,,,,A/3,B/2,B/2,C/3,,,
2741110027,,,,,,,,,,,,,,1.66,1.72,1.74,1.80,,,
,,,,,,,,,,,,,,,,,,,,
,,,,,,,,,,,,,,,,,,,,
15304723,2481120020.3,,R1,N°81,C5,,,,,19.8/20.1,18.9/18.0,16.8/18.0,,,,,,,,
2481120020.3,,,,,,,,,,1.12,1.25,1.40,,,,,,,,
,,,,,,,,,,,,,,,,,,,,
,,,,,,,,,,,,,,,,,,,,
15304725,2481120031.3,,D24,N°80,C5,,,,,,,,,,,14.1/7.5,11.4/8.1,10.8/11.4,9.0/3.6,
,,,,,,,,,,,,,,,,1.83,2.05,2.15,2.34,
,,,,,,,,,,,,,,,,,,,,
,,,,,,,,,,,,,,,,,,,,
15326266,2122120494,"Adagolás , ME.991270162 (N110) réz üllő csere.a KÉT ÜLLŐ KÖZÉ A HÁTSÓ HÉZAGOLÓT BERAKNI. Rézmegfogó csere is. A szig.megfogó MAX 8.1 (ne teljes kör legyen hanem picit háromszög formájú). Konnektor próba.",T5,N°90,E,,,,23.0/8.1,22.0/8.1,21.8/8.0,,,,,,,,,
2122120494,,,,,,,,,0.97,1.03,1.10,,,,,,,,,
,,,,,,,,,,,,,,,,,,,,
,,,,,,,,"Adagolás , ME.991270162 (N110) réz üllő csere.a KÉT ÜLLŐ KÖZÉ A HÁTSÓ HÉZAGOLÓT BERAKNI. Rézmegfogó csere is. A szig.megfogó MAX 8.1 (ne teljes kör legyen hanem picit háromszög formájú). Konnektor próba.",,,,,,,,,,,,
15326269,,Cserélni szigmegfogó+üllő   991270440+991450646+gyürű+3dbhézagoló!,,N°76,E5,,,,,20.0/Max,,,,,,,,,,
,,,,,,,,,,1.20,,,,,,,,,,
,,,,,,,,,,LASSUBAN,,,,,,,,,,
,,,,,,,,Cserélni szigmegfogó+üllő   991270440+991450646+gyürű+3dbhézagoló!,,,,,,,,,,,,
15344717,,,,N°181,E7,,,,,,,,,18.6/14.0,,"16,4/13,6",,,,
,,,,,,,,,,,,,,1.50,,1.70,,,,
,,,,,,,,,,,,,,,,,,,,
,,,,,,,,,,,,,,,,,,,,
15344718,2512110017,,R1,N°181,E7,,,,,22.0/22.6,21.2/22.0,20.2/21.3,,19.8/20.0,,,,,,
2512110017,,,,,,,,,,1.21,1.25,1.30,,1.34,,,,,,
,,,,,,,,,,,,,,,,,,,,
,,,,,,,,,,,,,,,,,,,,
15344720,2511110017,,S3,N°15,A4,,,,,,18.6/15.4,18.4/15.4,,18.3/16.5,,,,,,
2511110017,,,,,,,,,,,1.34,1.37,,1.43,,,,,,
,,,,,,,,,,,,,,,,,,,,
,,,,,,,,,,,,,,,,,,,,
15408423,,"Szig.megfogot kiszedni, vakkést a helyébe beletenni",,N°104,D1,,,,,,,,,,,,,,12.6,20.1
,,,,,,,,,,,,,,,,,,,3.37,2.78
,,,,,,,,,,,,,,,,,,,10.0,
,,,,,,,,"Szig.megfogot kiszedni, vakkést a helyébe beletenni",,,,,,,,,,,,
15440179,2122120034,,S1,N°54,C1,,,,,B/5,,,,,,,,,,
2122120034,,,,,,,,,,0.91,,,,,,,,,,
,,,,,,,,,,,,,,,,,,,,
,,,,,,,,,,,,,,,,,,,,
1544332-1,2491130029," Kivenni a szigetelés megfogó üllőt:991271161,  -6-SZERVÓ!! A SARUZÓFEJ ERRE A SARURA BEÁLLÍTVA (TOTÁL SZÉTSZEDVE)",T12,N°93,C7,,,,,,,,,,,,,A,,A
2491130029,,,,,,,,,,,,,,,,,,2.54,,2.81
,,,,,,,,,,,,,,,,,,,,
,,,,,,,," Kivenni a szigetelés megfogó üllőt:991271161,  -6-SZERVÓ!! A SARUZÓFEJ ERRE A SARURA BEÁLLÍTVA (TOTÁL SZÉTSZEDVE)",,,,,,,,,,,,
1544333-1,,SZIG.MEGFOGÓT+ŰLLÖT KISZEDNI!!,,N°104,C8,,,,,,,,,,,,,,,15.0
,,,,,,,,,,,,,,,,,,,,3.14
,,,,,,,,,,,,,,,,,,,,10.0
,,,,,,,,SZIG.MEGFOGÓT+ŰLLÖT KISZEDNI!!,,,,,,,,,,,,
1544965-1,2492130031,-9-SZERVÓ!! A SARUZÓFEJ ERRE A SARURA BEÁLLÍTVA (TOTÁL SZÉTSZEDVE),S3,N°93,C7,,,,,,,,,,,,,A,,A
2492130031,,,,,,,,,,,,,,,,,,2.56,,2.83
,,,,,,,,,,,,,,,,,,,,
,,,,,,,,-9-SZERVÓ!! A SARUZÓFEJ ERRE A SARURA BEÁLLÍTVA (TOTÁL SZÉTSZEDVE),,,,,,,,,,,,
154717/3,2032120929,,T4,N°28,A7,,,,,,,,,C/5,D/5,C/5,C/5,B/5,A/4,
2032120929,,,,,,,,,,,,,,2.22,1.96,2.06,2.12,2.31,2.39,
,,,,,,,,,,,,,,3.50(1+2.50),,,,,SZERVO+3,
,,,,,,,,,,,,,,,,,,,,
154717/3,2032120929,,T4,N°161,A7,,,,,,,,,D/3,D/3,D/3,C/4,B/4,B/2,B/1
2032120929,,,,,,,,,,,,,,1.85,1.96,2.04,2.15,2.38,2.34,2.39
,,,,,,,,,,,,,,0.5+1.0,,2+0.5,2X1.50,,1.00+2.50,2X2.50
,,,,,,,,,,,,,,,,,,,,
1586055-1,2622120024.9,,,N°64,E5,,,,,,,C/4,,B/3,,,,,,
2622120024.9,,,,,,,,,,,,0.96,,1.04,,,,,,
,,,,,,,,,,,,,,,,,,,,
,,,,,,,,,,,,,,,,,,,,
160430,2022110722,,S7,N°29,B1,,,,,D/2,C/2,B/2,,,,,,,,
2022110722,,,,,,,,,,1.11,1.25,1.41,,,,,,,,
,,,,,,,,,,,,,,,,,,,,
,,,,,,,,,,,,,,,,,,,,
160433,2022110622,,S4,N°29,B1,,,,,D/2,C/2,B/2,,A/2,A/2,,,,,
2022110622,,,,,,,,,,1.11,1.25,1.41,,1.57,1.63,,,,,
,,,,,,,,,,,,,,,1.50+0.50,,,,,
,,,,,,,,,,,,,,,,,,,,
160467-2,2200112626,KÉSCSERE,S10,N°49,B6,,,,,,,D/8,,D/8,D/8,C/8,B/8,,,
2200112626,,,,,,,,,,,,2.11,,2.26,2.34,2.45,2.65,,,
,,,,,,,,,,,,SZERVÓ+9,,SZERVÓ+3,1.50+0.50,,2X1.50,,,
,,,,,,,,KÉSCSERE,,,,,,,,,,,,
160759-3,2032120922,,R1,N°22,A6,,,,,18.6/13.2,18.3/12.9,17.1/11.8,,16.5/10.5,,,,,,
2032120922,,,,,,,,,,1.45,1.50,1.60,,1.65,,,,,,
,,,,,,,,,,,,,,,,,,,,
,,,,,,,,,,,,,,,,,,,,
160759-3,2032120922,,R1,N°140,D7,,,,,D/5,C/5,B/5,,A/5,,,,,,
2032120922,,,,,,,,,,1.45,1.53,1.62,,1.83,,,,,,
,,,,,,,,,,,,,,,,,,,,
,,,,,,,,"Ez a Régi ,saruzni a 22-es fejjel",,,,,,,,,,,,
160759-3,2032120922,,R1,N°169,A,,,,,,,,,A1,,,,,,
2032120922,,,,,,,,,,,,,,1.65,,,,,,
,,,,,,,,,,,,,,BIEMME,,,,,,
,,,,,,,,"Ez a Régi ,saruzni a 22-es fejjel",,,,,,,,,,,,
160780/1,2022110422.1,,S kocsi,N°40,B4,,,,,D/5,C/5,B/4,,A/4,,,,,,
2022110422.1,,,,,,,,,,1.06,1.18,1.28,,1.44,,,,,,
,,,,,,,,,,,,,,,,,,,,
,,,,,,,,,,,,,,,,,,,,
160887-4,2011110422,"Ha kevés van szóljatok , (Én megcsinálom,Labor),mert sokszor elállítódik",T6,N°74,C3,,,,,A/5,,A/5,,,,,,,,
2011110422,,,,,,,,,,1.49,,1.65,,,,,,,,
,,,,,,,,,,Lassuba,,Sz-3,,,,,,,,
,,,,,,,,"Ha kevés van szóljatok , (Én megcsinálom,Labor),mert sokszor elállítódik",,,,,,,,,,,,
163300-6,,1.00mm + 0.20mm hézagoló + réz + szig.  Adagolás (A két kés közötti hézagolót átrakni a réz alá),,N°89,A8,,,,,,,17.2/10.2,,,,,,,,
,,,,,,,,,,,,1.58,,,,,,,,
,,,,,,,,,,,,,,,,,,,,
,,,,,,,,1.00mm + 0.20mm hézagoló + réz + szig.  Adagolás (A két kés közötti hézagolót átrakni a réz alá),,,,,,,,,,,,
163301-6,,1.00mm + 0.20mm hézagoló + réz + szig.  Adagolás (A két kés közötti hézagolót átrakni a réz alá),,N°89,A8,,,,,,,17.2/10.2,,,,,,,,
,,,,,,,,,,,,1.58,,,,,,,,
,,,,,,,,,,,,,,,,,,,,
,,,,,,,,1.00mm + 0.20mm hézagoló + réz + szig.  Adagolás (A két kés közötti hézagolót átrakni a réz alá),,,,,,,,,,,,
167418-1,2182120113,,R1,N°118,D2,,,,,A/5,,,,,,,,,,
2182120113,,,,,,,,,,0.89,,,,,,,,,,
,,,,,,,,,,,,,,,,,,,,
,,,,,,,,,,,,,,,,,,,,
17.07660,2252001131,,R3,N°108,D1,,,,,,,,,17.2/14.0,25.0/12.6,24.4/11.2,22.8/18.0,21.2/9.6,19.6/16.8,17.4/8.4
2252001131,,,,,,,,,,,,,,2.85,2.11,2.20,2.32,2.50,2.65,2.85
,,,,,,,,,,,,,,6.00+0.50,,,,,,
,,,,,,,,,,,,,,,,,,,,
170002/5,2081111826,Lassuba,T9,N°129,A,,,,,,,D/3,,C/3,,,,,,
2081111826,,,,,,,,,,,,1.73,,1.82,,,,,,
,,,,,,,,,,,,,,,,,,,,
,,,,,,,,Lassuba,,,,,,,,,,,,
170003/5,2082111826,Lassuba,T9,N°129,A,,,,,D/4,,D/3,,C4,,,,,,
2082111826,,,,,,,,,,1.42,,1.67,,1.80,,,,,,
,,,,,,,,,,Sz +9,,,,,,,,,,
,,,,,,,,Lassuba,,,,,,,,,,,,
170063-2,2122120358,,T6,N°188,E,,,,,18.0/13.6,17.6/12.8,16.4/12.0,,15.4/11.6,,,,,,
2122120358,,,,,,,,,,1.65,1.70,1.80,,1.90,,,,,,
,,,,,,,,,,,,,,,,,,,,
,,,,,,,,,,,,,,,,,,,,
1701110,2082111726,,S7,N°25,A6,,,,,,,18.0/15.3,,16.8/14.7,,14.1/13.8,,,,
2082111726,,,,,,,,,,,,1.55,,1.66,,1.91,,,,
,,,,,,,,,,,,,,,,,,,,
,,,,,,,,,,,,,,,,,,,,
1701412,2021110926,Egyesével,S11,N°18,A5,,,,,,,21.9/18.9,,20.1/18.3,,19.2/17.1,,,,
2021110926,,,,,,,,,,,,1.34,,1.45,,1.56,,,,
,,,,,,,,,,,,Egyesével,,Egyesével,,Egyesével,,,,
,,,,,,,,,,,,,,,,,,,,
1702990,2200112229,,,N°27,A7,,,,,,,9.3/13.2,,12.0/10.2,17.4/10.2,9.6/10.2,9/12,3.5/9.6,,
2200112229,,,,,,,,,,,,2.46,,2.35,2.55,2.65,2.80,3.00,,
,,,,,,,,,,,,,,3X0.5,,,,,,
,,,,,,,,,,,,,,,,,,,,
1703013-1,2122120253,Egyesével,D6,N°88,C6,,,,,21.1,21.0,20.2,,,,,,,,
2122120253,,,,,,,,,,1.24,1.30,1.35,,,,,,,,
,,,,,,,,,,,,,,,,,,,,
,,,,,,,,Egyesével,,,,,,,,,,,,
1703014,2122120254,,,N°9,A2,,,,,17.0,,,,,,,,,,
2122120254,,,,,,,,,,1.60,,,,,,,,,,
,,,,,,,,,,,,,,,,,,,,
,,,,,,,,,,,,,,,,,,,,
170326-1,2122120065,,N53,N°28,A7,,,,,,,,,,,D/5,,,,
2122120065,,,,,,,,,,,,,,,,1.82,,,,
,,,,,,,,,,,,,,,,Sz +9,,,,
,,,,,,,,,,,,,,,,,,,,
170328-1,2122120066,Üllő ki  /   Egyesével,D11,N°22,A6,,,,,,,,,16.2/13.2,,13.2/11.4,,,,
2122120066,,,,,,,,,,,,,,1.72,,2.05,,,,
,,,,,,,,,,,,,,SZAKSZIL,,SZAKSZIL,,,,
,,,,,,,,Üllő ki  /   Egyesével,,,,,,,,,,,,
170331-1,2122120064,Üllő ki  /   Egyesével,D11,N°81,C,,,,,,15.3/15.2,15.2/15.1,,15.0/15.0,,,,,,
2122120064,,,,,,,,,,,1.46,1.50,,1.60,,,,,,
,,,,,,,,,,,,,,Egyesével,,,,,,
,,,,,,,,Üllő ki  /   Egyesével,,,,,,,,,,,,
170362,2CA000041,RAKTÁR,T2,N°66,E,,,,,A6,,,,,,,,,,
2CA000041,,,,,,,,,,0.95,,,,,,,,,,
,,,,,,,,,,SZAKSZIL,,,,,,,,,,
,,,,,,,,,,,,,,,,,,,,
1706720,,,,N°27,A7,,,,,,,12.3/15.3,,11.4/15.0,10.5/14.1,9.9/14.1,10.5/12.3,,,
,,,,,,,,,,,,2.25,,2.36,2.45,2.50,2.45,,,
,,,,,,,,,,,,,,,,,1.50+0.75,,,
,,,,,,,,,,,,,,,,,,,,
1706730,,,,N°27,A7,,,,,,,12.3/15.3,,11.4/15.0,10.5/14.1,9.9/14.1,,,,
,,,,,,,,,,,,2.25,,2.36,2.39,2.50,,,,
,,,,,,,,,,,,,,,,,,,,
,,,,,,,,,,,,,,,,,,,,
1707660,2252001131,,R3,N°108,D1,,,,,,,,,,,,,,,
,,,,,,,,,3.77,3.65,,,,,,,,,,
,,,,,,,,,,,,,,,,,,,,
,,,,,,,,,,,,,,,,,,,,
1707742,,,,N°96,C8,,,15.0/9.0,,,,,,,,,,,,
,,,,,,,,3.22,,,,,,,,,,,,
,,,,,,,,10.0,,,,,,,,,,,,
,,,,,,,,,,,,,,,,,,,,
1707670,,,,N°104,C8,,,16.3/15.2,15.4/21.1,18.4/21.0,21.5/15.0,21.5/15.0,,15.0/21.1,18.9/16.2,10.8/15.0,19.5/20.0,17.7/15.0,15.4/15.1,15.3/15.0
,,,,,,,,3.40,3.50,3.20,2.89,2.88,,3.45,2.91,3.60,2.88,3.10,3.50,3.54
,,,,,,,,3x2.50+2x1.00,6.00+4.00,6.00+2.50,6.00+1.00,6.00+0.75,,4.00+4.00+1.50,7.5(3X2.50),12.00,4+2.50,8.00,10.00,11.00
,,,,,,,,,,,Vékony szálat vastag mellé,,,,,,,,,
,,,,,,,,,,,,,,,,,,,,
1707671/1107671,2252001136,,,N°96,C8,,,15.0/10.0,18.3/18.9,15.4/12.2,18.0/7.5,15/9.7,,15.0/18.3,"14,1/15",21.0/24.0,"12,8/12,8",21.6/13.2,9.6/3.0,"14,3/12"
2252011134,,,,,,,,3.70,2.78,3.83,3.68,3.68,,3.69,3.88,2.50,3.69,3.25,3.86,3.69
,,,,,,,,10+1.50,2X4.00,3x4+1.50+1.00,8x2,16,,2X6,"6+4+2,5+1,5",2X2.50,3X4,2x4.00+2.50,3X4.00+3X1.50,6+4+2.50
,,,,,,,,,,,,,,,,,,Egyesével,Egyesével,Egyesével
1707690,2252011134,,,N°96,C8,,,,12.9/9.9,12.3/9,,,,,,,,,,
,,,,,,,,,3.77,3.65,,,,,,,,,,
,,,,,,,,,4+2.5+2.5+1.5,2+4+1.5,,,,,,,,,,
,,,,,,,,,,,,,,,,,,,,
1707690,2252011134,,,N°96,C8,,,12.9/4.1,3.6/3.3,9.9/8.1,4.8/3.6,12/3,,12/6,9.3/3.3,11.4/15.3,18.0/12.0,15.6/4.5,14.4/4.2,10.2/6.0
,,,,,,,,3.56,4.34,3.67,4.35,3.68,,3.64,3.80,3.53,3.42,3.22,3.34,3.85
,,,,,,,,2.50+6.00,3X6.00,4X2.50+1=11,16.0,7X1.1+1,,4X2.5,2X6,DUPLA BLANK,4x2,,6.00,10.00
,,,,,,,,,,,,,,,,,,,,
1707741,,,,N°104,C8,,,,,,,,,,,,,18.3/18.9,21.0/24.0,21.0/19.5
,,,,,,,,,,,,,,,,,,2.78,2.50,2.51
,,,,,,,,,,,,,,,,,,2X4,,
,,,,,,,,,,,,,,,,,,,,
1707900/20,2252150022,"Aláfűzni a gumit szorosabb szig.megfogó ,gumit szerelők huzzák rá",T12,N°10,A2,,,,,21.0/17.1,,16.5/20.1,,15.0/20.7,,,,,,
2252150022,,,,25,,,,,,1.39,,1.48,,1.60,,,,,,
,,,,,,,,,,,,SZAKSZIL,,,,,,,,
,,,,,,,,"Aláfűzni a gumit szorosabb szig.megfogó ,gumit szerelők huzzák rá",,,,,,,,,,,,
1707901/21,2252150029,,T12,N°34,B2,,,,,,,,,,,B1,A1,B/1,A/3,
2252150029,,,,,,,,,,,,,,,,2.38,2.54,2.18,2.48,
,,,,,,,,,,,,,,,,2.50+2.00,2.00+4.00,,,
,,,,,,,,,,,,,,,,,,,,
1707902/10,,,T12,N°25,A6,,,,,,,,,,12.9/21.3,11.7/20.7,10.5/11.7,,,
,,,,,,,,,,,,,,,1.95,1.96,2.25,,,
,,,,,,,,,,,,,,,SZAKSZIL,,,,,
,,,,,,,,,,,,,,,,,,,,
1708250,,Csak rézmegfogó !!!,R2,N°96,C8,,,,8.7,6.3,5.1,4.0,,3.9,3.6,,,,,
,,,,,,,,,3.78,4.00,4.21,4.30,,4.38,4.49,,,,,
,,,,,,,,,6.0,8.00,10.00,12.00,,13.00,16.00,,,,,
,,,,,,,,Csak rézmegfogó !!!,,,,,,,,,,,,
1708332,,,S2,N°126,D3,,,,,,,,,,,D/7,,C/6,,
,,,,,,,,,,,,,,,,1.42,,1.64,,
,,,,,,,,,,,,,,,,,,,,
,,,,,,,,,,,,,,,,,,,,
1708330,,,T1,N°105,D1,,,,,21.4/22.6,,,,,,,,,,
,,,,,,,,,,1.10,,,,,,,,,,
,,,,,,,,,,,,,,,,,,,,
,,,,,,,,,,,,,,,,,,,,
1708331,,,S2,N°146,D6,,,,,,,C/8,,B/7,B/7,,,,,
,,,,,,,,,,,,1.13,,1.24,1.34,,,,,
,,,,,,,,,,,,,,,,,,,,
,,,,,,,,,,,,,,,,,,,,
1708501,2122120028,,O24,N°22,A6,,,,,,16.5/17.1,17.1/17.7,,,,,,,,
2122120028,,,,,,,,,,,1.58,1.64,,,,,,,,
ugyan az mint = 1108501,,,,,,,,,,,szakszil,szakszil,,,,,,,,
,,,,,,,,,,,,,,,,,,,,
175197-2,2122120340,"Kés és üllőcserék az SDB-ben leírva ,PONTOSSAN ÚGY MERT NEM MEGY BELE A CSATLAKOZÓBA ! CSATLAKOZÓ PRÓBA !!! A 184.es fejet is használhatjuk csak más a beállítás.",D24,N°121,E1,,,,,,,20.0/18.4,,18.2/18.2,,,,,,
,,,,,,,,,,,,1.13,,1.33,,,,,,
ugyan az mint = 1418762-1,,,,,,,,"Kés és üllőcserék az SDB-ben leírva ,PONTOSSAN ÚGY MERT NEM MEGY BELE A CSATLAKOZÓBA ! CSATLAKOZÓ PRÓBA !!! A 184.es fejet is használhatjuk csak más a beállítás.",,,,,,,,,,,,
,,,,,,,,,,,,,,,,,,,,
171637-1,2122120455,"Adagolás ,Megvezetés",,N°64,E,,,,,,,A/4 ,,A/4,,,,,,
2122120455,,,,,,,,,,,,1.30,,1.38,,,,,,
,,,,,,,,,,,,Sz-6,,Sz-9,,,,,,
,,,,,,,,"Adagolás ,Megvezetés",,,,,,,,,,,,
171661/1,2471120020.1,,T4,N°113,E3,,,,,23.8/15.2,23.0/15.0,21.8/14.6,,19.8/13.8,,,,,,
2471120020.1,,,,,,,,,,1.14,1.22,1.32,,1.50,,,,,,
,,,,,,,,,,,,,,,,,,,,
,,,,,,,,,,,,,,,,,,,,
171662,,,,N°75,,,,,,,12.8/20.4,,,,,,,,,
,,,,,,,,,,,1.22,,,,,,,,,
,,,,,,,,,,,,,,,,,,,,
,,,,,,,,,,,,,,,,,,,,
171662/1,2472120020.1,,S3,N°112,D2,,,,,22.6/20.0,21.8/20.0,20.8/20.0,,18.4/20.0,,,,,,
2472120020.1,,,,,,,,,,1.14,1.22,1.32,,1.50,,,,,,
,,,,,,,,,,,,,,,,,,,,
,,,,,,,,,,,,,,,,,,,,
172773/1,2322110124,,R2,N°55,C2,,,,,D/1,,C/1,,B/1,A/1,A/1,,,,
2322110124,,,,,,,,,,1.35,,1.47,,1.62,1.76,1.82,,,,
,,,,,,,,,,,,,,,,,,,,
,,,,,,,,,,,,,,,,,,,,
172777/1,2321110124,,S8,N°117,D2,,,,,D/6,,C/6,,B/6,A/6,A/4,,,,
2321110124,,,,,,,,,,1.30,,1.40,,1.51,1.76,1.95,,,,
,,,,,,,,,,,,,,,,,,,,
,,,,,,,,,,,,,,,,,,,,
1718760,2122120091,,T13,N°79,C4,,,,,20.6/12.4,20.4/12.0,,,,,,,,,
2122120091,,,,,,,,,,0.96,1.05,,,,,,,,,
,,,,,,,,,,,,,,,,,,,,
,,,,,,,,,,,,,,,,,,,,
173681-1,2542120015,,R2,N°53,C2,,,,C/8,B/8,A/8,,,,,,,,,
2542120015,,,,,,,,,0.95,1.00,1.09,,,,,,,,,
,,,,,,,,,,,,,,,,,,,,
,,,,,,,,,,,,,,,,,,,,
175196-2,2CA000032,A SARUZÓFEJBŐL KIVENNI A SZIGMEGFOGÓ KÉST! A SZIGETELÉST A 38-AS SORSZÁMÚ FEJJEL KELL SARUZNI!,N53,N°39,B4,,,,,19.5/21.3,,17.4/20.7,,,,,,,,
2CA000032,,,,,,,,,,1.08,,1.27,,,,,,,,
,,,,,,,,,,,,,,,,,,,,
,,,,,,,,A SARUZÓFEJBŐL KIVENNI A SZIGMEGFOGÓ KÉST! A SZIGETELÉST A 38-AS SORSZÁMÚ FEJJEL KELL SARUZNI!,,,,,,,,,,,,
175197-2,,"A szigetelés alkatrészeket átrakni (N191) + a saru lenyomót átrakni (N185)  , jobbról",D16,N°97,E4,,,,,,20.0/15.0,,,,,,,,,
,,,,,,,,,,,1.32,,,,,,,,,
ugyan az mint = 1418762-1,,,,,,,,,,,,,,,,,,,,
,,,,,,,,"A szigetelés alkatrészeket átrakni (N191) + a saru lenyomót átrakni (N185)  , jobbról",,,,,,,,,,,,
180351-2,2012110931,,S5,N°18,A5,,,,,21.0/16.5,18.0/15.0,10.2/17.1,,16.5/14.7,15.0/4.8,17.4/14.1,16.8/15.0,15.3/14.1,12.9/15.0,10.8/14.7
2012110931,,,,,,,,,,1.50,1.70,2.38,,1.86,2.11,1.75,1.83,1.95,2.16,2.34
,,,,,,,,,,0.50+0.50,1+1,6.00,,2.50+1.00,4.00+2.50,H07 SZAKSZIL,,,,
,,,,,,,,,,,SZAKSZIL,HARISNYA,,,,,,,,
180352/1,2011110931,,S6,N°36,B3,,,,,,,,,D/3,D/1,D/1,D/1,C/1,B/1,A/1
2011110931,,,,,,,,,,,,,,2.20,2.25,2.27,2.26,2.37,2.53,2.63
,,,,,,,,,,,,,,,2.50+0.50,2.50+1.00,,,,
,,,,,,,,,,,,,,,,,,,,
,,,,,,,,,,,,,,,,,,,,
,,,,,,,,,,,,,,,,,,,,
,,,,,,,,,,,,,,,,,,,,
,,,,,,,,,,,,,,,,,,,,
180363-2,2022110931,,S4,N°147,D6,,,,,11./9.2,17.0/10.2,16.2/10.2,,13.4/12.8,9.2/11.4,12.0/8.7,15.0/12.0,13.0/12.6,7.0,9.2/11.6
2022110931,,,,,,,,,,2.60,2.12,2.04,,2.28,2.77,2.56,2.22,2.35,2.45,2.70
,,,,,,,,,,4+1.5,1.00+1.50,2.5+0.35,,2.50+0.75,2X2.00+2.50,2X2.50,2X1.50,,4+0.50,
,,,,,,,,,,,,,,,,,,,,
180422,,,,N°50,B7,,,,,,,,,D/5,C/5,,,,,
,,,,,,,,,,,,,,1.74,1.84,,,,,
,,,,,,,,,,,,,,,,,,,,
,,,,,,,,,,,,,,,,,,,,
180423/2,2022110422,,T6,N°137,E5,,,,D/3,D/3,C/2,B/2,,A/2,,,,,,
2022110422,,,,,,,,,1.16,1.08,1.18,1.24,,1.36,,,,,,
,,,,,,,,,2x0.32,,,,,,,,,,,
,,,,,,,,,Dupla blank,,,,,,,,,,,
180437,2022110322,,S5,N°40,B4,,,,,D/5,D/5,C/5,,B/5,,,,,,
2022110322,,,,,,,,,,1.26,1.35,1.39,,1.54,,,,,,
,,,,,,,,,,,,,,,,,,,,
,,,,,,,,,,,,,,,,,,,,
180464-2,,,,N°50,B7,,,,,D/6,D/6,D/6,,C/6,B/6,A/6,A/4,A/4,,
,,,,,,,,,,1.58,1.65,1.70,,1.80,1.85,2.03,2.05,NINCS,,
,,,,,,,,,,Sz +6,,,,,,,2X1.50,ÓNÓZNI,,
,,,,,,,,,,,,,,,,,,,,
1808275,2122120099,,,N°3,D7,,,,,,,22.8/24.0,,,,,,,,
,,,,,,,,,,,,1.12,,,,,,,,
,,,,,,,,,,,,,,,,,,,,
,,,,,,,,,,,,,,,,,,,,
,,,,,,,,,,,,,,,,,,,,
,,,,,,,,,,,,,,,,,,,,
,,,,,,,,,,,,,,,,,,,,
,,,,,,,,,,,,,,,,,,,,
184095-1,2122120303,Adagolás állítás + Pozíció állítás,C13,N°90,E3,,,,22.3/12.2,22.0/12.2,21.0/12.1,20.1/12.1,,,,,,,,
2122120303,,,,,,,,,1.02,1.12,1.21,1.23,,,,,,,,
,,,,,,,,,,,,,,,,,,,,
,,,,,,,,Adagolás állítás + Pozíció állítás,,,,,,,,,,,,
188744-1,2182120014,Kivenni a 991550109-es alkatrészt+üllő beállítás hátrafelé. réz+0.35 hézagoló+szig.,T2,N°85,E2,,,22.7/17.4,21.0/18.0,,,,,,,,,,,
2182120014,,,,,,,,0.71,0.81,,,,,,,,,,,
,,,,,,,,,,,,,,,,,,,,
,,,,,,,,Kivenni a 991550109-es alkatrészt+üllő beállítás hátrafelé. réz+0.35 hézagoló+szig.,,,,,,,,,,,,
1924464,2122120398,,D24,N°168,E6,,,,,21.0/16.4,,,,,,,,,,
2122120398,,,,,,,,,,1.30,,,,,,,,,,
,,,,,,,,,,,,,,,,,,,,
,,,,,,,,,,,,,,,,,,,,
1-968849-1,2CA000043,Szig.megfogó:991450244(N'66)        Megvezetés állítás,T12,N°89,A8,,,,,21.0/14.0,,19.0/12.0,,,,,,,,
2CA000043,,,,,,,,,,1.20,,1.38,,,,,,,,
,,,,,,,,,,,,,,,,,,,,
,,,,,,,,,,,,,,,,,,,,
1-968851-1,2CA000044,Megvezetés és adagolás állítás,R1,N°69,E4,,,,,,,,,D8,,C7,,,,
2CA000044,,,,,,,,,,,,,,1.73,,1.86,,,,
,,,,,,,,,,,,,,,,,,,,
,,,,,,,,Megvezetés és adagolás állítás,,,,,,,,,,,,
1060-16-1222,2122120514,,,N°114,E4,,,,,,,,,,13.2/10.3,11.3/10.0,,,,
2122120514,,,,,,,,,,,,,,,1.85,1.95,,,,
,,,,,,,,,,,,,,,,,,,,
,,,,,,,,,,,,,,,,,,,,
12047581,.=AK 7632,,S2,N°127,D3,,,,,D/5,D/5,,,,,,,,,
.=AK 7632,,,,,,,,,,1.33,1.43,,,,,,,,,
,,,,,,,,,,,,,,,,,,,,
,,,,,,,,,,,,,,,,,,,,
105300-2300,2122120546,"Megvezetés és adagolás állítás ,ha kell.",,N°85,E2,,,,,20.0/18.0,,,,,,,,,,
2122120546,,,,,,,,,,0.93,,,,,,,,,,
,,,,,,,,,,AWG20,,,,,,,,,,
,,,,,,,,"Megvezetés és adagolás állítás ,ha kell.",,,,,,,,,,,,
1734-1139-1,2961500019,1060-16-0144,,N°159,E5,,,,19.2/15.0,19.8/14.4,"18,3/13,8",18.3/13.8,,16.8/13.5,16.5/12.3,17.0/12.6,,,,
2961500019,,,,,,,,,1.60,1.50,1.60,1.65,,1.80,1.95,2.10,,,,
,,,,,,,,,,,,,,,,,,,,
,,,,,,,,1060-16-0144,,,,,,,,,,,,
20530,2002110920,Egyesével,V2,N°97,E4,,,,25.0/19.2,24.6/20.2,,,,,,,,,,
2002110920,,,,,,,,,0.98,1.00,,,,,,,,,,
,,,,,,,,,,,,,,,,,,,,
,,,,,,,,Egyesével,,,,,,,,,,,,
20555,2922220024,,V1,N°47,B6,,,,,,,B/5,,,,,,,,
2922220024,,,,,,,,,,,,1.50,,,,,,,,
,,,,,,,,,,,,,,,,,,,,
,,,,,,,,,,,,,,,,,,,,
210CC2S1101,,,,N°47,B6,,,,,C/5,,,,,,,,,,
,,,,,,,,,,1.15,,,,,,,,,,
,,,,,,,,,,,,,,,,,,,,
,,,,,,,,,,,,,,,,,,,,
211CC2S1101,,,,N°47,B6,,,,,C/6,,,,,,,,,,
,,,,,,,,,,1.24,,,,,,,,,,
,,,,,,,,,,,,,,,,,,,,
,,,,,,,,,,,,,,,,,,,,
211CC2S1120/60,2682120117.2,,T2,N°100,E,,,,23.0/20.4,22.0/19.2,21.0/18.6,,,21.0/18.5,,,,,,
2682120117.2,,,,,,,,,1.02,1.10,1.20,,,1.25,,,,,,
,,,,,,,,,,,,,,0.50+0.35,,,,,,
,,,,,,,,,,,,,,,,,,,,
211CC2S1160/20,2682120117.2,,T2,N°97,E4,,,,25.0/22.8,24.4/21.0,23.2/19.8,,,23.0/19.5,,,,,,
2682120117.2,,,,,,,,,0.90,0.95,1.05,,,1.14,,,,,,
,,,,,,,,,,,,,,0.50+0.35,,,,,,
,,,,,,,,,,,,,,,,,,,,
211CC2S1160P,2682120117.2,Adagolás állítás,T2,N°100,E,,,,23.0/21.2,22.0/21.0,21.3/20.2,,,,,,,,,
2682120117.2,,,,,,,,,1.06,1.13,1.18,,,,,,,,,
,,,,,,,,,,,,,,,,,,,,
,,,,,,,,Adagolás állítás,,,,,,,,,,,,
211CC2S2120/60,2682120124.2,Adagolás állítás,T2,N°114,E,,,,,,,20.0/12.0,,17.2/10.3,16.3/10.0,,,,,
2682120124.2,,,,,,,,,,,,1.33,,1.57,1.67,1.76,,,,
,,,,,,,,,,,,,,,,,,,,
211CC2S2160P,2682120124.2,Adagolás állítás,T2,N°114,E,,,,,,,20.0/12.0,,17.2/10.3,16.3/10.0,,,,,
2682120124.2,,,,,,,,,,,,1.33,,1.57,1.67,,,,,
,,,,,,,,,,,,,,,,,,,,
,,,,,,,,Adagolás állítás,,,,,,,,,,,,
211CC3S1120,2682120117.3,,T2,N°67,E4,,,,D/5,C/5,B/4,,,D/2,,,,,,
2682120117.3,,,,,,,,,1.25,1.27,1.31,,,1.40,,,,,,
,,,,,,,,,,,,,,0.50+0.35,,,,,,
,,,,,,,,,,,,,,,,,,,,
211CC3S2120,2682120126.3,"Saruzni a 73. fejjel ,ha nem akkor a 69.es fejet átállítani(adagolás)",T2,N°69,E4,,,,,,,D,,C,B,A,,,,
2682120126.3,,,,,,,,,,,,1.65,,1.75,1.85,1.95,,,,
,,,,,,,,,,,,,,,,,,,,
211CC3S2120,2682120126.3,,T2,N°73,E2,,,,,,,15.0/21.0,,12.7/18.4,12.4/18.2,12.2/18.0,,,,
2682120126.3,,,,,,,,,,,,1.65,,1.75,1.85,1.95,,,,
,,,,,,,,,,,,,,,,,,,,
211CC3S3120,2682120130.2,211CL3S3120,T2,N°131,E1,,,,,,,,,,,,,8.7/13.8,8.4/9.6,8.1/12.3
2682120130.2,,,,,,,,,,,,,,,,,,2.34,2.46,2.42
,,,,,,,,,,,,,,,,,,,,
211CL2S1120,2681120117.2,,T2,N°110,E4,,,,23.2/13.6,22.8/13.0,22.0/12.2,,,,,,,,,
2681120117.2,,,,,,,,,0.99,1.03,1.10,,,,,,,,,
,,,,,,,,,,,,,,,,,,,,
211CL2S2120,2681120124.2,,T4,N°121,E1,,,,,,,20.2/19.8,,18.6/19.2,16.8/17.4,15.6/14.0,,,,
2681120124.2,,,,,,,,,,,,1.30,,1.45,1.60,1.74,,,,
,,,,,,,,,,,,,,,,,,,,
211CL3S1120,2681120117.3,,T2,N°67,E4,,,,D/7,C/6,B/6,,,,,,,,,
2681120117.3,,,,,,,,,1.23,1.30,1.35,,,,,,,,,
,,,,,,,,,,,,,,,,,,,,
211CL3S2120,2681120126.2,,T4,N°69,E4,,,,,,,D,,C,B,A,,,,
2681120126.2,,,,,,,,,,,,1.65,,1.75,1.85,1.95,,,,
,,,,,,,,,,,,,,,,,,,,
211CL3S3120,2681120130.2,,T4,N°131,E1,,,,,,,,,,,,,8.7/13.8,8.4/9.6,8.1/12.3
2681120130.2,,,,,,,,,,,,,,,,,,2.34,2.46,2.42
,,,,,,,,,,,,,,,,,,,,
2122120523,,"mozgó üllő ki, szigm. ki ,szigetelés fogózni",,N°108,D,,,,,,,,,,,,,,,17.2
,,,,,,,,,,,,,,,,,,,,2.85
,,,,,,,,,,,,,,,,,,,,
,,,,,,,,"mozgó üllő ki, szigm. ki ,szigetelés fogózni",,,,,,,,,,,,
22140492075,2122120499,"SZIG.MEGFOGÓ (N82) ,MOZGÓ ŰLLŐ KI, konnektor próba",?23,N°181,E,,,,,,,,,16.2/20.0,,14.4/20.0,,,,
2122120499,,,,,,,,,,,,,,1.78,,1.92,,,,
,,,,,,,,,,,,,,,,,,,,
,,,,,,,,"SZIG.MEGFOGÓ (N82) ,MOZGÓ ŰLLŐ KI, konnektor próba",,,,,,,,,,,,
2420399E4201H,2912220017,,R2,N°54,C1,,,,,B/5,,,,,,,,,,
2912220017,,,,,,,,,,0.99,,,,,,,,,,
,,,,,,,,,,,,,,,,,,,,
25157.123211,2022120620,,T6,N°4,B7,,,,,21.0,,,,,,,,,,
2022120620,,,,,,,,,,1.00,,,,,,,,,,
,,,,,,,,,,Sz +9,,,,,,,,,,
,,,,,,,,,,,,,,,,,,,,
2528058,C051005,"Ha nem jó akkor hézagolók állítása , adagolás",,N°157,E2,,,,,23.2/20.2,,,,,,,,,,
C051005,,,,,,,,,,0.93,,,,,,,,,,
,,,,,,,,,,,,,,,,,,,,
,,,,,,,,"Ha nem jó akkor hézagolók állítása , adagolás",,,,,,,,,,,,
25557,2022120720,,S11,N°58,C2,,,,,D/1,,C/1,,,,,,,,
2022120720,,,,,,,,,,1.05,,1.14,,,,,,,,
,,,,,,,,,,,,,,,,,,,,
25623213178,,,,N°65,E1,,,,,D/6,,,,,,,,,,
,,,,,,,,,,1.22,,,,,,,,,,
,,,,,,,,,,,,,,,,,,,,
25703213178,,,,N°65,E1,,,,,C/6,,,,,,,,,,
,,,,,,,,,,1.26,,,,,,,,,,
,,,,,,,,,,,,,,,,,,,,
25975213011,2XM00039,Egyesével.   üllöt kiszedni  2XM00033,,N°104,C8,,,,13.5/19.5,,,,,,,,,,,16.5/21.0
2XM00039,,,,,,,,,3.91,,,,,,,,,,,3.54
,,,,,,,,,,,,,,,,,,,,
,,,,,,,,Egyesével.   üllöt kiszedni  2XM00033,,,,,,,,,,,,
25974213011,2XM00043,Egyesével üllőt kiszedni,,N°104,C8,,,,,,,,,,,19.8/27.0,,20.4/27.0,,19.5/27.0
2XM00043,,,,,,,,,,,,,,,,2.74,,2.85,,2.93
,,,,,,,,,,,,,,,,,,,,
,,,,,,,,Egyesével üllőt kiszedni,,,,,,,,,,,,
26340.213011,,,,N°58,C2,,,,,,,C/1,,B/2,,,,,,
,,,,,,,,,,,,1.16,,1.36,,,,,,
,,,,,,,,,,,,,,,,,,,,
26806.201.184,,"Mozgó Üllő ki ,előre húzni",,N°111,E3,,,,,,,20.2/12.2,,,,,,,,
,,,,,,,,,,,,1.37,,,,,,,,
,,,,,,,,,,,,,,,,,,,,
,,,,,,,,"Mozgó Üllő ki ,előre húzni",,,,,,,,,,,,
280000-1,2022110917,,S4,N°12,A3,,,,,18.3/21.6,,17.4/17.1,,,,,,,,
2022110917,,,,,,,,,,1.42,,1.52,,,,,,,,
,,,,,,,,,,,,,,,,,,,,
280000-6,,,S4,N°12,A3,,,,19.5/20.1,18.9/18.0,18.0/17.4,16.5/16.8,,,,,,,,
,,,,,,,,,1.27,1.41,1.48,1.64,,,,,,,,
,,,,,,,,,,,,,,,,,,,,
280001/1,2022110926,,S4,N°16,A4,,,,,,20.7/18.0,19.5/17.1,,18.3/16.5,17.1/14.4,15.3/15.0,18/17.8,,,
,,,,,,,,,,,1.42,1.52,,1.62,1.71,1.87,1.71,,,
,,,,,,,,,,,,,,,2X1,,2.0+0.35,,,
,,,,,,,,,,,,,,,,,,,,
280075,2011111131,vágókescsere,D11,N°31,B1,,,,,,,,,,,,,C/3,,A/3
2011111131,,,,,,,,,,,,,,,,,,2.73,,2.97
,,,,,,,,,,,,,,,,,,Szakszil,,Szakszil
,,,,,,,,vágókescsere,,,,,,,,,,,,
280079-2,2023120926,Mozgó üllő ki ! Egyesével . 2.50mm2 és 2x1.50mm2 csak AMP szervó +9 magasság emelés !!!,R2,N°115,D,,,,,C/5,,C/5,,A/5,,A/4,A/4,,,
2023120926,,,,,,,,,,1.60,,1.59,,1.69,,1.96,1.95,,,
,,,,,,,,,,Dupla Blank,,,,,,,2X1.50,,,
,,,,,,,,Mozgó üllő ki ! Egyesével . 2.50mm2 és 2x1.50mm2 csak AMP szervó +9 magasság emelés !!!,,,,,,,,,,,,
280081,2001110926,,,,,,,,,18.9/15.3,,18.6/14.7,,17.4/13.5,,14.4/12.6,,,,
2001110926,,,,,,,,,,1.42,,1.47,,1.59,,1.85,,,,
,,,,,,,,,,,,,,,,,,,,
280095-2,2012110917,,S5,N°12,A3,,,,21.3/20.2,20.4/18.9,19.8/16.8,,,,,,,,,
2012110917,,,,,,,,,1.17,1.24,1.30,,,,,,,,,
,,,,,,,,,,,,,,,,,,,,
280096-2,2011110917,,S6,N°17,A4,,,,18.0/22.2,17.4/18.0,16.8/17.4,16.2/17.0,,,,,,,,
2011110917,,,,,,,,,1.34,1.39,1.44,1.50,,,,,,,,
,,,,,,,,,,,,,,,,,,,,
280223-2,2022111131,,D25,N°31,B1,,,,,,,,,,,,,B/4,,A/4
2022111131,,,,,,,,,,,,,,,,,,2.85,,3.01
,,,,,,,,,,,,,,,,,,,,
280621/2,2182160020,,O24,N°7,A1,,,,,,,19.2/6.0,,,,,,,,
2182160020,,,,,,,,,,,,1.10,,,,,,,,
,,,,,,,,,,,,,,,,,,,,
280702/1,2182120020,,R2,N°7,A1,,,,22.0,22.0,21.9/11.4,21.0/10.8,,,,,,,,
2182120020,,,,,,,,,0.90,0.95,1.00,1.09,,,,,,,,
,,,,,,,,,,,,,,,,,,,,
280708-2,2182120013,,R2,N°1,A1,,,24.0/16.2,23.5/16.2,21.3/15.0,,,,,,,,,,
2182120013,,,,,,,,0.69,0.76,0.88,,,,,,,,,,
,,,,,,,,,,,,,,,,,,,,
280708-2,2182120013,,R2,N°7,A1,,,24.0/15.0,23.0/14.0,21.5/13.0,,,,,,,,,,
2182120013,,,,,,,,0.69,0.76,0.88,,,,,,,,,,
,,,,,,,,,,,,,,,,,,,,
280755-2,2012111134,,S4,N°96,C8,,,,,,,,,,,,24.0/15.0,24.0/18.0,23.4/20.1,19.8/11.4
2012111134,,,,,,,,,,,,,,,,,2.63,2.78,2.68,2.86
,,,,,,,,,,,,,,,,,6+1.5,4+4+1,2X4.00,10.00
,,,,,,,,,,,,,,,,,,,,
280756,2012111131,,S5,N°31,B1,,,,,,,,,C/4,D/4,D/4,D/4,C/4,B/3,A/3
2012111131,,,,,,,,,,,,,,2.51,2.30,2.27,2.60,2.73,2.85,3.00
,,,,,,,,,,,,,,3X1.50,2.50+0.50,,,,,
,,,,,,,,,,,,,,,,,,,,
280919,2012110722,,S7,N°29,B1,,,,,D/4,D/3,B/3,,A/3,,,,,,
2012110722,,,,,,,,,,1.15,1.25,1.38,,1.53,,,,,,
,,,,,,,,,,,,,,,,,,,,
281399-1,2362120020,,,N°106,D1,,,,,C/3,,C/3,,,,,,,,
2362120020,,,,,,,,,,1.14,,1.12,,,,,,,,
,,,,,,,,,,,,,,,,,,,,
281870-1,2011110815,,S7,N°37,,,,,,A/5,,B/5,,B/5,A/5,,,,,
2011110815,,,,,,,,,,1.81,,1.71,,1.73,1.84,,,,,
,,,,,,,,,,Dupla Blank,,,,3X0.50,2X1.00,,,,,
,,,,,,,,"Szigetelés m. KO516 a csatlakozóba csak így jó !!!  A SARUZÁST CSAK AMP GÉPPEL ""-9""SZERVÓMOTOR ÁLLÁSNÁL LEHET !!!!",,,,,,,,,,,,
281885,2012110824,Konnektor Próba . A vastag hézagolót a két kés közé. Kicsivel nagyobb vágást hagyni hátul (egyenes lesz) . ME.991450206 (N108) szigmegfogó csere,R1,N°49,B6,,,,,,,,,,D,D,,,,
2012110824,,,,,,,,,,,,,,,1.85,1.90,,,,
,,,,,,,,,,,,,,,Sz-9,Sz-6,,,,
,,,,,,,,,,,,,,,Konnektor Próba . A vastag hézagolót a két kés közé. Kicsivel nagyobb vágást hagyni hátul (egyenes lesz) . ME.991450206 (N108) szigmegfogó csere,,,,,
282109/1,2471120020.2,,S3,N°8,A2,,,,17.4/17.7,19.5/18.0,18.3/17.4,17.4/16.2,,15.6/15.0,15.0/14.1,,15.0/24.0,,12.4/15.3,
2471120020.2,,,,,,,,,1.20,1.15,1.25,1.35,,1.50,1.60,,1.40,,1.72,
,,,,,,,,,Dupla blank,,,,,,,,Dióda szimpla,,Dióda dupla,
,,,,,,,,,,,,,,,,,,,,
282110/1,2472120020.2,,T4,N°111,E3,,,,,22.8/16.2,21.8/16.0,20.8/15.2,,19.2/15.0,,,,,,
2472120020.2,,,,,,,,,,1.15,1.25,1.35,,1.50,,,,,,
,,,,,,,,,,,,,,,,,,,,
282289-1,2471620020.3,,Ext,N°77,C4,,,,,,18.0/13.8,17.1/13.2,,16.2/12.6,,,,,,
2471620020.3,,,,,,,,,,,1.37,1.45,,1.52,,,,,,
,,,,,,,,,,,,,,,,,,,,
282308,2012110815,,S5,N°56,C2,,,,,D/3,C/3,C/2,,C/2,,,,,,
2012110815,,,,,,,,,,1.37,1.50,1.53,,1.55,,,,,,
,,,,,,,,,,,,,,,,,,,,
282375/1,2552120022,,R2,N°39,B4,,,,,19.2/19.5,17.7/16.8,17.4/19.5,,16.8/19.5,,,,,,
2552120022,,,,,,,,,,1.22,1.32,1.37,,1.47,,,,,,
,,,,,,,,,,,,,,,,,,,,
282378/1,2551120022,,R2,N°38,B3,,,,18.4/19.5,19.8/19.5,,17.4/19.5,,16.5/19.5,15.9/12.0,,,,,
2551120022,,,,,,,,,1.23,1.15,,1.37,,1.47,1.65,,,,,
,,,,,,,,,2x0.35,,,,,,,,,,,
,,,,,,,,,,,,,,,,,,,,
282403-1,2472120015.2,,N57,N°111,E3,,,25.2/15.4,23.2/15.4,23.0/15.4,,,,,,,,,,
2472120015.2,,,,,,,,0.86,0.98,1.00,,,,,,,,,,
,,,,,,,,,,,,,,,,,,,,
282404-1,,Adagolás,S2,N°8,A2,,,,18.1/18.0,19.5/18.0,18.3/17.4,17.4/16.2,,15.6/15.0,15.0/14.1,,,,,
2471120015.2,2122120425,réz+0.35+1.00+szig.  A szigetelésmegfogó formájú lemezt kivenni . Ha kell az űllő részt előre elmozdítani. Adagolás,,,,,,,1.20,1.15,1.25,1.35,,1.50,1.60,,,,,
,,,,,,,,,,,,,,,,,,,,
282419/1,2562120015,,Ext,N°156,,,,,,B/4,,,,,,,,,,
2562120015,,,,,,,,,,1.18,,,,,,,,,,
,,,,,,,,,,,,,,,,,,,,
282431/1,2562120022,,Ext,N°144,D5,,,,,,,B/5,,A/5,,,,,,
2562120022,,,,,,,,,,,,1.34,,1.40,,,,,,
,,,,,,,,,,,,,,,,,,,,
282618,2181120013,,T1,N°70,E2,,,23.1/12.3,22.5/13.2,23.7/12.3,,,,,,,,,,
2181120013,,,,,,,,0.75,0.80,0.73,,,,,,,,,,
,,,,,,,,,,,,,,,,,,,,
282465-1,2471120026.2,Konnektor próba. A szig.m. kivenni (vak kést berakni) és fogóval rányomni a szig.megfogót .Hézagolókat áthelyezni.,?27,N°113,E3,,,,,,,,,,,15.0/12.00,,,,
2471120026.2,,,,,,,,,,,,,,,,2.02,,,,
,,,,,,,,,,,,,,,,,,,,
,,,,,,,,Konnektor próba. A szig.m. kivenni (vak kést berakni) és fogóval rányomni a szig.megfogót .Hézagolókat áthelyezni.,,,,,,,,,,,,
282466-1,2472120026.2,Konnektor próba. A szig.m. kivenni (vak kést berakni) és fogóval rányomni a szig.megfogót .Hézagolókat áthelyezni.,D17,N°113,E3,,,,,,,,,,,15.0/12.00,,,,
2472120026.2,,,,,,,,,,,,,,,,2.02,,,,
,,,,,,,,,,,,,,,,,,,,
,,,,,,,,Konnektor próba. A szig.m. kivenni (vak kést berakni) és fogóval rányomni a szig.megfogót .Hézagolókat áthelyezni.,,,,,,,,,,,,
284107-1,2551120022.6,,R2,N°144,D5,,,,,D/5,D4,C/4,,B/3,A/1,,,,,
2551120022.6,,,,,,,,,,1.36,1.40,1.43,,1.49,1.56,,,,,
,,,,,,,,,,,,,,,,,,,,
284108-1,2551120026.6,,R2,N°38,B3,,,,,,,,,,,15.0/15.3,,,,
2551120026.6,,,,,,,,,,,,,,,,1.65,,,,
,,,,,,,,,,,,,,,,,,,,
293041-2,2011110917,,S6,N°17,A4,,,,,18.0/18.6,17.1/17.7,,,,,,,,,
2011110917,,,,,,,,,,1.42,1.49,,,,,,,,,
,,,,,,,,,,,,,,,,,,,,
2965439-L    TM SR.56,2122120386,"Egyesével ,lassúba. Mozgó üllőt kivenni , széleit levágni és köszörülni.",?9,N°145,D,,,,,,,C8,,,,,,,,
2122120386,,,,,,,,,,,,2.02,,,,,,,,
,,,,,,,,,,,,,,,,,,,,
,,,,,,,,"Egyesével ,lassúba. Mozgó üllőt kivenni , széleit levágni és köszörülni.",,,,,,,,,,,,
2965511    TF SR.56,2122120384,"Egyesével ,lassúba",?,N°145,D,,,,,,,C6,,,,,,,,
2122120384,,,,,,,,,,,,1.80,,,,,,,,
,,,,,,,,,,,,,,,,,,,,
,,,,,,,,"Egyesével ,lassúba",,,,,,,,,,,,
2CA000007,2CA000007,2CA000007,D17,N°9,A2,,,,,,,,,17.0/14.0,,15.0/9.0,,,,
1-968857-1,,,,,,,,,,,,,,1.47,,1.78,,,,
,,,,,,,,,,,,,,,,,,,,
,,,,,,,,Konnektor próba ( szigetelésmegfogó ME.991450375 N82 ) ,,,,,,,,,,,,
2CA000022,,,,N°186,,,,,,,,,,14.5/19.0,,,,,,
1703278-2,,,,,,,,,,,,,,1.50,,,,,,
,,,,,,,,,,,,,,,,,,,,
2CA000017(RFB7808),2125120015,,C13,N°54,C1,,,,,A/5,,,,,,,,,,
2125120015,,,,,,,,,,1.02,,,,,,,,,,
,,,,,,,,,,,,,,,,,,,,
2CA000021,,,,,,,,,,,,,,,,,,,,
964269-2,,,,,,,,,,,,,,,,,,,,
,,,,,,,,,,,,,,,,,,,,
2CA000039,,,,,,,,,,,,,,,,,,,,
E1738BS-0,,,,,,,,,,,,,,,,,,,,
,,,,,,,,,,,,,,,,,,,,
DUPLA BLANK,,,,,,,,,,,,,,,,,,,,
2CA000043,,Szig.megfogó:991450244(N'66)        Megvezetés állítás,T12,N°89,A8,,,,,21.0/14.0,,19.0/12.0,,,,,,,,
,2471120015.2,,,,,,,,,1.20,,1.38,,,,,,,,
,,,,,,,,,,,,,,,,,,,,
2CA000044,2CA000044,Megvezetés és adagolás állítás,R1,69,E4,,,,,,,,,D8,,C7,,,,
,,,,,,,,,,,,,,1.73,,1.86,,,,
1-968851-1,,,,,,,,,,,,,,,,,,,,
,,,,,,,,Megvezetés és adagolás állítás,,,,,,,,,,,,
2CA000054 (SWPR-001T-P025),C99900005,0.20mm hézagoló a réz alá + adagolás állítás+megvezető teljes átállítása,,179,E,,,,15.4/16.0,,,,,,,,,,,
C99900005,,,,,,,,,1.06,,,,,,,,,,,
,,,,,,,,,,,,,,,,,,,,
,,,,,,,,0.20mm hézagoló a réz alá + adagolás állítás+megvezető teljes átállítása,,,,,,,,,,,,
2CA000056,,,D6,51,B7,,,,,,,B/7,,A/5,,,,,,
,,,,,,,,,,,,1.30,,1.50,,,,,,
,,,,,,,,,,,,,,,,,,,,
2CA000064,,Az egyik réz mögötti hézagolót átrakni a két kés közé.   Adagolás állítás,D24,N°15,E3,,,,,,,17.0/16.1,,16.4/16.1,,14.0/16.0,,,,
,,,,,,,,,,,,1.63,,1.67,,1.95,,,,
,,,,,,,,,,,,,,,,,,,,
,,,,,,,,Az egyik réz mögötti hézagolót átrakni a két kés közé.   Adagolás állítás,,,,,,,,,,,,
2XCL000001,,MOZGÓ ÜLLőT KIVENNI.,,N°41,B4,,,,,D/6,,C/6,,B/6,,,,,,
,,,,,,,,,,1.29,,1.39,,?,,,,,,
,,,,,,,,,,,,,,,,,,,,
,,,,,,,,MOZGÓ ÜLLőT KIVENNI.,,,,,,,,,,,,
2XCL000002,,DUPLA BLANK  gumi nélkül,,N°15,A4,,,,,,19.5/27.0,18.6/27.0,,,,,,,,
,,,,,,,,,,,1.28,1.34,,,,,,,,
,,,,,,,,,,,,,,,,,,,,
,,,,,,,,DUPLA BLANK  gumi nélkül,,,,,,,,,,,,
2XCL000003,,Solmec doboz,,N°,,,,,,,,,,,,,,,,
,,,,,,,,,,,,,,,,,,,,
2XCL000005,,Solmec doboz,,N°54,C1,,,,B/6,B/5,A/4,A/2,,,,,,,,
,,,,,,,,,0.83,0.96,1.03,1.13,,,,,,,,
,,,,,,,,,,,,Sz-6,,,,,,,,
,,,,,,,,,,,,,,,,,,,,
2XCL000009,,Solmec doboz  SZIG.MEGFOGÓT KIVENNI!   FEHÉR GUMI,,N°48,B6,,,,, , ,,,D,,C,,,,
,,,,,,,,,,,,,,1.68,,1.84,,,,
,,,,,,,,,,,,,,,,,,,,
,,,,,,,,Solmec doboz  SZIG.MEGFOGÓT KIVENNI!   FEHÉR GUMI,,,,,,,,,,,,
2XCL000013,,Egység csomag,,N°88,C6,,,,,,,22.0/18.0,,,,,,,,
,,,,,,,,,,,,1.20,,,,,,,,
,,,,,,,,,,,,Üllöt kivenni,,,,,,,,
,,,,,,,,,,,,,,,,,,,,
2XCL000014  ,,T3,,N°16,A4,,,,,21.3/18.3,,,,,,,,,,
,,,,,,,,,,1.14,,,,,,,,,,
,,,,,,,,,,,,,,,,,,,,
2XCL000017,,,T13,N°22,A,,,,,19.5/14.7,,,,,,,,,,
,,,,,,,,,,1.45,,,,,,,,,,
,,,,,,,,,,,,,,,,,,,,
2XCL000018,,,T12,N°10,A2,,,,,,,,,,,10.5/18.5,,,,
2XCL000018,,,,,,,,,,,,,,,,2.10,,,,
,,,,,,,,,,,,,,,,,,,,
2XCL000019,,,T13,N°108,D,,,,,,,,,,,,,13.5/18.1,,
2XCL000019,,,,,,,,,,,,,,,,,,2.24,,
,,,,,,,,,,,,,,,,,,,,
2XCL000021,1.928.498.991,,,N°78,C4,,,,21.5/3.00,20.4/3.00,19.5/5.4,,,,,,,,,
1.928.498.991,,,,,,,,,0.88,1.03,1.22,,,,,,,,,
,,,,,,,,,,,,,,,,,,,,
2XCL000022,,,,N°54,C1,,,,,,,A5,,,,,,,,
,,,,,,,,,,,,1.24,,,,,,,,
,,,,,,,,,,,,,,,,,,,,
2XCL000024,,Solmec doboz,,N°88,C6,,,,,21.2,20.6,20.0,,19.0,,14.4,,,,
C099000012,,,,,,,,,,1.20,1.28,1.30,,1.40,,1.80,,,,
,,,,,,,,,,Kicsi saru,,,,,,N°9 fej,,,,
,,,,,,,,Solmec doboz,,,,,,,,,,,,
2XCL000025,,,,N°188,,,,,23.0/24.5,22.0/24.8,21.0/24.4,20.0/23.6,,,,,,,,
,,,,,,,,,0.96,1.08,1.22,1.33,,,,,,,,
,,,,,,,,,,,,,,,,,,,,
2XCL000025,,Solmec doboz ,,N°88,C4,,,,23.0/24.5,22.0/24.8,21.0/24.4,20.0/23.6,,19.2/20.0,17.2/15.0,15.2/15.0,,,,
,,,,,,,,,0.96,1.08,1.22,1.33,,1.38,1.50,1.80,,,,
,,,,,,,,,,,,,,"NC,N°111 fej (Sárga gumi a rézen)",,,,,,
,,,,,,,,Solmec doboz ,,,,,,,,,,,,
2XCL000036,C0 anyag,"Üllőt ki ,sarut beljebb tolni",,N°15,A,,,,,,,,,,,13.5/18.1,,,,
C0 anyag,,,,,,,,,,,,,,,,,,,,
,,,,,,,,,,,,,,,,,,,,
,,,,,,,,"Üllőt ki ,sarut beljebb tolni",,,,,,,,,,,,
2XCL000037,,,,,,,,,,,,,,,,,,,,
C08300021,,,,,,,,,,,,,,,,,,,,
,,,,,,,,,,,,,,,,,,,,
Dupla Blank,,,,,,,,,,,,,,,,,,,,
2XKT000007,,,,N°31,B1,,,,,,,,,,,,,C4,,
,,,,,,,,,,,,,,,,,,2.60,,
,,,,,,,,,,,,,,,,,,,,
2XKT000025,2XKT000025,,?28,N°121,E,,,,,,,20.0/18.0,,18.1/16.1,,,,,,
,,,,,,,,,,,,1.27,,1.43,,,,,,
,,,,,,,,,,,,,,,,,,,,
2XKT000027,,Egyesével gumit aláfűzni szürke,,N°108,B1,,,,,,,,,,,,,,,17.4/8.00
,,,,,,,,,,,,,,,,,,,,2.30
,,,,,,,,,,,,,,,,,,,,
,,,,,,,,Egyesével gumit aláfűzni szürke,,,,,,,,,,,,
2XKT000029,CA000442,Egység csomag,H24,N°67,C6,,,,,D8,,B8,,,,,,,,
,,,,,,,,,,1.30,,1.36,,,,,,,,
,,,,,,,,,,,,,,,,,,,,
,,,,,,,,Egység csomag,,,,,,,,,,,,
2XKT000030,CA000442,Egység csomag,H24,N°67,C6,,,,,D8,,B8,,,,,,,,
,,,,,,,,,,1.30,,1.36,,,,,,,,
,,,,,,,,,,,,,,,,,,,,
,,,,,,,,Egység csomag,,,,,,,,,,,,
2XKT000031,,,,N°111,E3,,,,,,,,,,,,,,,
,,,,,,,,,,,,,,,,,,,,
2XKT000032,CA000444,Egység csomag  -  szerelni kell. ,,N°59,C3,,,,,C3,,C3,,,,,,,,
,,,,,,,,,,1.21,,1.21,,,,,,,,
,,,,,,,,,,Dupla Blank,,,,,,,,,,
,,,,,,,,Egység csomag  -  szerelni kell. ,,,,,,,,,,,,
2XKT000047,,"Szigmegfogó ME.991450646 köszörült(N121) egyesével ,lassúban",,N°151,E7,,,,,,22.4/12.0,,,,,,,,,
,,,,,,,,,,,1.02,,,,,,,,,
,,,,,,,,,,,,,,,,,,,,
,,,,,,,,"Szigmegfogó ME.991450646 köszörült(N121) egyesével ,lassúban",,,,,,,,,,,,
2XKT000048,,"Rézmegfogó üllő ME.991271357(N167),Rézmegfogó ME.991461493(N167) ,Szigmegfogó ME.991450646 köszörült(N121) egyesével ,lassúban ,mozgó üllő ki",,N°151,E7,,,,,,20.2/14.0,,,,,,,,,
,,,,,,,,,,,1.25,,,,,,,,,
,,,,,,,,,,,,,,,,,,,,
,,,,,,,,"Rézmegfogó üllő ME.991271357(N167),Rézmegfogó ME.991461493(N167) ,Szigmegfogó ME.991450646 köszörült(N121) egyesével ,lassúban ,mozgó üllő ki",,,,,,,,,,,,
2XKT000055,CA000513,réz+1.50 hézagoló + szig. : 991450194(N24). Ha kell az űllő részt előre elmozdítani.  Adagolás.,,N°151,E,,,,23.0/20.0,22.3/19.4,22.0/18.0,,,,,,,,,
CA000513,,,,,,,,,1.10,1.16,1.21,,,,,,,,,
,,,,,,,,,,,,,,,,,,,,
,,,,,,,,réz+1.50 hézagoló + szig. : 991450194(N24). Ha kell az űllő részt előre elmozdítani.  Adagolás.,,,,,,,,,,,,
2XKT000050,CA00510,"A mozgó üllőt , tartót és a lenyomót kivenni. Egyesével",,N°78,C4,,,,,21.0/3.0,,,,,,,,,,
CA00510,,,,,,,,,,0.93,,,,,,,,,,
,,,,,,,,"A mozgó üllőt , tartót és a lenyomót kivenni. Egyesével",,,,,,,,,,,,
2XM00026,,,,,,,,,,,,,,,,,,,,
280096,,,,,,,,,,,,,,,,,,,,
,,,,,,,,,,,,,,,,,,,,
DUPLA BLANK,,,,,,,,,,,,,,,,,,,,
2XM00031,,,,,,,,,,,,,,,,,,,,
280756,,,,,,,,,,,,,,,,,,,,
,,,,,,,,,,,,,,,,,,,,
DUPLA BLANK,,,,,,,,,,,,,,,,,,,,
2XM00034,,,,,,,,,,,,,,,,,,,,
0010188001,,,,,,,,,,,,,,,,,,,,
,,,,,,,,,,,,,,,,,,,,
DUPLA BLANK,,,,,,,,,,,,,,,,,,,,
2XM00044,,,,,,,,,,,,,,,,,,,,
180437,,,,,,,,,,,,,,,,,,,,
,,,,,,,,,,,,,,,,,,,,
DUPLA BLANK,,,,,,,,,,,,,,,,,,,,
2XM00054,,,,,,,,,,,,,,,,,,,,
7116-1471,,,,,,,,,,,,,,,,,,,,
,,,,,,,,,,,,,,,,,,,,
DUPLA BLANK,,,,,,,,,,,,,,,,,,,,
2XM00057,,,,,,,,,,,,,,,,,,,,
282308,,,,,,,,,,,,,,,,,,,,
,,,,,,,,,,,,,,,,,,,,
DUPLA BLANK,,,,,,,,,,,,,,,,,,,,
2XM00062,,,,,,,,,,,,,,,,,,,,
AK10419,,,,,,,,,,,,,,,,,,,,
,,,,,,,,,,,,,,,,,,,,
DUPLA BLANK,,,,,,,,,,,,,,,,,,,,
2XM00068,,,,,,,,,,,,,,,,,,,,
282378,,,,,,,,,,,,,,,,,,,,
,,,,,,,,,,,,,,,,,,,,
DUPLA BLANK,,,,,,,,,,,,,,,,,,,,
2XM00071,,,,,,,,,,,,,,,,,,,,
282404,,,,,,,,,,,,,,,,,,,,
,,,,,,,,,,,,,,,,,,,,
DUPLA BLANK,,,,,,,,,,,,,,,,,,,,
2XM00073,,,,,,,,,,,,,,,,,,,,
AK6025,,,,,,,,,,,,,,,,,,,,
,,,,,,,,,,,,,,,,,,,,
DUPLA BLANK,,,,,,,,,,,,,,,,,,,,
2XM00078,,,,,,,,,,,,,,,,,,,,
160430,,,,,,,,,,,,,,,,,,,,
,,,,,,,,,,,,,,,,,,,,
DUPLA BLANK,,,,,,,,,,,,,,,,,,,,
2XM00079,,,,,,,,,,,,,,,,,,,,
160433,,,,,,,,,,,,,,,,,,,,
,,,,,,,,,,,,,,,,,,,,
DUPLA BLANK,,,,,,,,,,,,,,,,,,,,
2XM00085,,,,,,,,,,,,,,,,,,,,
43030-0001,,,,,,,,,,,,,,,,,,,,
,,,,,,,,,,,,,,,,,,,,
2X_AWG,,,,,,,,,,,,,,,,,,,,
2XM00089,,,,,,,,,,,,,,,,,,,,
66098,,,,,,,,,,,,,,,,,,,,
,,,,,,,,,,,,,,,,,,,,
DUPLA BLANK,,,,,,,,,,,,,,,,,,,,
2XM00090,,,,,,,,,,,,,,,,,,,,
3-1447221-3,,,,,,,,,,,,,,,,,,,,
,,,,,,,,,,,,,,,,,,,,
2X0.35,,,,,,,,,,,,,,,,,,,,
2XM00091,,,,,,,,,,,,,,,,,,,,
AK6024,,,,,,,,,,,,,,,,,,,,
,,,,,,,,,,,,,,,,,,,,
DUPLA BLANK,,,,,,,,,,,,,,,,,,,,
3111-03,2125120016 ,"1.00mm + Rézmegfogó  + 0.35mm+ szig.megfogó ME991450895 (N85) + adagolás ,ha egyesével van a rézmegfogót és a szigetelésmegfogót picit összenyomni fogóval",,N°78,C4,,,,21.0/3.4,,,,,,,,,,,
2125120016 ,,,,,,,,,0.88,,,,,,,,,,,
,,,,,,,,,,,,,,,,,,,,
,,,,,,,,"1.00mm + Rézmegfogó  + 0.35mm+ szig.megfogó ME991450895 (N85) + adagolás ,ha egyesével van a rézmegfogót és a szigetelésmegfogót picit összenyomni fogóval",,,,,,,,,,,,
3308672001,2122120396,Egyesével,D24,N°110,E,,,,,22.0/10.0,,21.3/8.1,,,,,,,,
2122120396,,,,,,,,,,1.20,,1.32,,,,,,,,
,,,,,,,,,,,,,,,,,,,,
,,,,,,,,Egyesével,,,,,,,,,,,,
0318703001,2122120395,Egyesével,D24,N°110,E,,,,,22.0/10.0,,21.3/8.1,,,,,,,,
2122120395,,,,,,,,,,1.20,,1.32,,,,,,,,
,,,,,,,,,,,,,,,,,,,,
,,,,,,,,Egyesével,,,,,,,,,,,,
3-1447221-3,2122120061,konnektor próba ,T12,N°100,E3,,,,,,22.3/22.0,22.0/21.0,,,,,,,,
2122120061,,,,,,,,,,,1.06,1.16,,,,,,,,
,,,,,,,,,,,,,,,,,,,,
,,,,,,,,konnektor próba ,,,,,,,,,,,,
3-1447221-4,2122120060, konnektor próba ,C5,N°100,E3,,,,,25.0/22.1,,,,,,,,,,
2122120060,,,,,,,,,,0.96,,,,,,,,,,
,,,,,,,,,,,,,,,,,,,,
,,,,,,,, konnektor próba ,,,,,,,,,,,,
33000-0004,2122120498,réz+1.50 hézagoló + szig. (köszörült). Ha kell az űllő részt előre elmozdítani.  Adagolás.,,N°151,E,,,,,18.4/24.3,18.2/24.1,17.0/24.0,,16.1/22.0,,,,,,
2122120498,,,,,,,,,,1.32,1.50,1.60,,1.70,,,,,,
,,,,,,,,,,,,,,,,,,,,
,,,,,,,,réz+1.50 hézagoló + szig. (köszörült). Ha kell az űllő részt előre elmozdítani.  Adagolás.,,,,,,,,,,,,
33012-2002,2122120439,réz+1.50 hézagoló + szig. (köszörült). Ha kell az űllő részt előre elmozdítani.  Adagolás.,C13,N°151,E,,,,,18.4/24.3,18.2/24.1,17.0/24.0,,16.1/22.0,,,,,,
2122120439,,,,,,,,,,1.32,1.50,1.60,,1.70,,,,,,
,,,,,,,,,,,,,,,,,,,,
,,,,,,,,réz+1.50 hézagoló + szig. (köszörült). Ha kell az űllő részt előre elmozdítani.  Adagolás.,,,,,,,,,,,,
33012-2004,2122120406,réz+1.50 hézagoló + szig. : 991450194(N24). Ha kell az űllő részt előre elmozdítani.  Adagolás.,?10,N°151,E,,,,23.0/20.0,22.3/19.4,22.0/18.0,,,,,,,,,
2122120406,,,,,,,,,1.10,1.16,1.21,,,,,,,,,
,,,,,,,,,,,,,,,,,,,,
,,,,,,,,réz+1.50 hézagoló + szig. : 991450194(N24). Ha kell az űllő részt előre elmozdítani.  Adagolás.,,,,,,,,,,,,
33501792,2122120389,,T13,N°191,E,,,,23.0,21.8,20.7,,,,,,,,,
2122120389,,,,,,,,,1.00,1.10,1.20,,,,,,,,,
,,,,,,,,,,,,,,,,,,,,
33512109,2122120390,(ME.991450646 köszörült szig.megfogó ) Hézagolók és vágás beállítása,T13,N°110,E4,,,,,,21.0/12.0,20.0/11.5,,,,,,,,
2122120390,,,,,,,,,,,1.27,1.35,,,,,,,,
,,,,,,,,,,,,,,,,,,,,
,,,,,,,,(ME.991450646 köszörült szig.megfogó ) Hézagolók és vágás beállítása,,,,,,,,,,,,
33512190,2122120391,(ME.991450646 köszörült szig.megfogó ) Hézagolók és vágás beállítása,T13,N°121,E1,,,,,,,,,17.3/18.1,17.1/18.0,,,,,
2122120391,,,,,,,,,,,,,,1.50,1.61,,,,,
,,,,,,,,,,,,,,,,,,,,
,,,,,,,,(ME.991450646 köszörült szig.megfogó ) Hézagolók és vágás beállítása,,,,,,,,,,,,
34803-3212,2122120337,,D24,N°54,C1,,,,,A/5,,,,,,,,,,
2122120337,,,,,,,,,,0.95,,,,,,,,,,
,,,,,,,,,,,,,,,,,,,,
350536/1,2092120024,,T1,N°139,D5,,,,,D/4,C/4,B/4,,A/4,,,,,,
2092120024,,,,,,,,,,1.16,1.25,1.32,,1.52,,,,,,
,,,,,,,,,,,,,,,,,,,,
350536/1,2092120024,,T1,N°3,D7,,,,21.1,20.4,19.5,18.0,,17.7,16.2/12,15.6/14.7,,,,
2092120024,,,,,,,,,1.22,1.21,1.30,1.40,,1.50,1.60,1.75,,,,
,,,,,,,,,Dupla Blank,,,,,,,1+1.50,,,,
,,,,,,,,,,,,,,,,,,,,
350687/1,2091120024,,T5,N°3,D7,,,,,20.4/18,19.5/17.7,18/18,,17.7/12,16.2/9.8,15.6/14.7,14.1/20.1,,,
2091120024,,,,,,,,,,1.20,1.30,1.40,,1.50,1.60,1.75,1.83,,,
,,,,,,,,,,,,,,,,1+1.50,,,,
,,,,,,,,,,,,,,,,,,,,
350922-3,2122120097,,T13,N°36,B3,,,,,,,,,,,,D,D,,D
2122120097,,,,,,,,,,,,,,,,,2.00,2.16,,2.39
,,,,,,,,,,,,,,,,,Sz +9,Sz +9,,
,,,,,,,,,,,,,,,,,,,,
350923-3,2122120098,180352 KI,T13,N°36,B3,,,,,,,,,,,,,D,,D
2122120098,,,,,,,,,,,,,,,,,,2.17,,2.39
,,,,,,,,,,,,,,,,,,Sz+9,,
,,,,,,,,,,,,,,,,,,,,
350967-1,2801120018,,R2,N°86,C6,,,24.4/20.4,20.6/19.2,19.5/20.2,,,,,,,,,,
2801120018,,,,,,,,0.84,1.15,1.05,,,,,,,,,,
,,,,,,,,0.12,0.5+0.12,,,,,,,,,,,
,,,,,,,,,,,,,,,,,,,,
3804/M.05.01.3   (140530),2200111726,,S5,N°11,A3,,,,16.5/15.6,,15.3/12.9,13.5/15.6,,12.6/14.7,12.0/15.0,11.4/13.8,,,,
2200111726,,,,,,,,,1.75,,1.86,1.95,,2.04,2.13,2.17,,,,
,,,,,,,,,Szakszil,,,,,,,,,,,
,,,,,,,,,,,,,,,,,,,,
3805/M.05.01.3,,,,N°11,A3,,,,,,15.3/20.7,14.4/19.5,,13.5/18.9, ,11.4/13.8,,,,
,,,,,,,,,,,1.82,1.88,,2.00,,2.17,,,,
,,,,,,,,,,,,,,,,,,,,
3806/M.05.01.3,,,,N°11,A3,,,,,,,14.4/17.1,,13.5/16.5,,,,,,
,,,,,,,,,,,,1.92,,1.99,,,,,,
,,,,,,,,,,,,,,,,,,,,
39-00-0089,2122120366,SZERVO   Magasság emelés az érték eléréséig,T12,N°64,E5,,,,,,,,,A4 ,,,,,,
2122120366,,,,,,,,,,,,,,1.17,,,,,,
,,,,,,,,,,,,,,AWG16,,,,,,
,,,,,,,,SZERVO   Magasság emelés az érték eléréséig,,,,,,,,,,,,
39-00-0059,2122120541,,,N°66,E5,,,B/8,B/7,B/7,A/5,,,,,,,,,
2122120541,,,,,,,,0.77,0.85,0.90,0.95,,,,,,,,,
,,,,,,,,,,,,,,,,,,,,
3511152081,2122120517,,,N°61,E8,,,D6 ,,,,,,,,,,,,
2122120517,,,,,,,,0.90,,,,,,,,,,,,
,,,,,,,,Szervo +9,,,,,,,,,,,,
,,,,,,,,,,,,,,,,,,,,
4123.02,2002110720,ADAGOLÁS ÁLLÍTÁS+Rézmegfogó 991460107,,N°148,D6,,,,,,,18.0/17.2,,18.4/16.0,,,,,,
2002110720,,,,,,,,,,,,1.60,,1.68,,,,,,
,,,,,,,,,,,,,,,,,,,,
,,,,,,,,ADAGOLÁS ÁLLÍTÁS+Rézmegfogó 991460107,,,,,,,,,,,,
4125.02,2002110729,ADAGOLÁS ÁLLÍTÁS,,N°18,A5,,,,,,,,,,,18.3/6.3,,16.2/6.3,,
2002110729,,,,,,,,,,,,,,,,1.65,,1.82,,
,,,,,,,,,,,,,,,,,,,,
,,,,,,,,ADAGOLÁS ÁLLÍTÁS,,,,,,,,,,,,
4132.05.01.3,2200211522.1,EGYESÉVEL,T3,N°11,A3,,,,,16.2/21.0,15.9/21.0,15.3/21.0,,14.1/18.6,,11.7/17.4,,,,
,,,,,,,,,,1.59,1.62,1.67,,1.77,,2.03,,,,
,,,,,,,,,,,,,,,,,,,,
,,,,,,,,EGYESÉVEL,,,,,,,,,,,,
42098-2,2011110926,,S6,N°25,A6,,,,,,,17.4/15.6,,16.2/14.7,15.3/13.2,13.2/12.6,,,,
42580,,,,,,,,,,,,1.52,,1.65,1.77,1.90,,,,
,,,,,,,,,,,,,,,,,,,,
42100-2,2012110926,,S5,N°19,A5,,,,,,21.3/12.6,20.4/11.1,,19.2/10.5,18.6/9.3,17.1/10.2,16.0/10.0,18.7/9.3,,
2012110926,,,,,,,,,,,1.24,1.32,,1.42,1.54,1.62,1.71,1.48,,
,,,,,,,,,,,,,,,,,2x1.50,1.50+0.25,,
,,,,,,,,,,,,,,,,,,,,
42281-2,2012110926.1,,S5,N°123,D2,,,,,D/3,D/2,C/2,,B/2,A/3,A/3,,,,
,,,,,,,,,,1.40,1.42,1.54,,1.72,1.86,1.90,,,,
,,,,,,,,,,,,,,,,,,,,
4250000872,2122120142,,D1,N°51,B7,,,,,B6,,,,,,,,,,
2122120142,,,,,,,,,,1.15,,,,,,,,,,
,,,,,,,,,,,,,,,,,,,,
42815-0011,2672120026,Rézmegfogó késcsere és hézagolólemez.5403500-RA  ALACSONY SZAKÍTÓ SZILÁRDSÁG!!!!!!!!  Lépésben 2x,V1,N°49,B6,,,,,,,,,D/8,,D/6,,,,
2672120026,,,,,,,,,,,,,,2.88,,2.92,,,,
,,,,,,,,,,,,,,Sz+9 Dupla blank,,Sz+6,,,,
,,,,,,,,Rézmegfogó késcsere és hézagolólemez.5403500-RA  ALACSONY SZAKÍTÓ SZILÁRDSÁG!!!!!!!!  Lépésben 2x,,,,,,,,,,,,
"42815-031 , 42817-0031 , 42817-0032",2672120031,Rézmegfogó késcsere és hézagolólemez.5403500-ra.  VAK SZIGMEGFOGÓKÉST BERAKNI.  ALACSONY SZAKÍTÓ SZILÁRDSÁG!!!!!!!!,S1,N°49,B6,,,,,,,,,,,,,,A/1,B/6
2672120031,,,,,,,,,,,,1.16,,1.36,,,,,3.74,3.42
2671120032,,,,,,,,,,,,,,,,,,,10.0,
,,,,,,,,Rézmegfogó késcsere és hézagolólemez.5403500-ra.  VAK SZIGMEGFOGÓKÉST BERAKNI.  ALACSONY SZAKÍTÓ SZILÁRDSÁG!!!!!!!!,,,,,,,,,,,,
43030-0001,2612120015,0.45+réz+0.35+szig.,T1,N°85,E2,,,21.1/16.2,21.0/16.2,20.6/16.2,19.8/17.2,20.4/16.2,,21.1/18.6,,,,,,
2612120015,,,,,,,,0.84,0.88,0.92,1.04,0.94,,0.75,,,,,,
,,,,,,,,,,,,AWG20,,0.07,,,,,,
,,,,,,,,0.45+réz+0.35+szig.,,,,,,,,,,,,
43030-0002,2122120364,,T13,N°85,E2,,,21.1/16.2,21.0/16.2,20.6/16.2,19.8/17.2,20.4/16.2,,,,,,,,
2122120364,,,,,,,,0.84,0.88,0.92,1.04,0.94,,,,,,,,
,,,,,,,,,,,,AWG20,,,,,,,,
,,,,,,,,,,,,,,,,,,,,
492515876,,,,N°3,D7,,,,,20.4/27.6,,,,,,,,,,
,,,,,,,,,,1.24,,,,,,,,,,
,,,,,,,,,,,,,,,,,,,,
45750-3211,,,,N°64,,,,,,,,,,,,,,,,
,,,,,,,,,,,,1.16,,,,,,,,
,,,,,,,,,,,,AWG16,,,,,,,,
,,,,,,,,,,,,,,,,,,,,
43031-0001,2611120015,0.45+réz+0.35+szig.,T1,N°85,E2,,,21.1/16.2,21.0/16.2,20.6/16.2,19.8/17.2,20.4/16.2,,21.1/18.6,,,,,,
2611120015,,,,,,,,0.84,0.88,0.92,1.04,0.94,,0.75,,,,,,
,,,,,,,,,,,,AWG20,,0.07,,,,,,
,,,,,,,,0.45+réz+0.35+szig.,,,,,,,,,,,,
501647-1000,,,C14,N°75,E2,,,,21.0/17.1,18.6/15.0,,,,,,,,,,
,,,,,,,,,0.82,0.87,,,,,,,,,,
,,,,,,,,,,,,,,,,,,,,
5-1418760-1,2122120339,Adagolás jobbról kézzel  ,D24,N°151,E,,,,,23.0/24.0,22.0/24.0,,,,,,,,,
2122120339,,,,,,,,,,0.96,1.03,,,,,,,,,
,,,,,,,,,,,,,,,,,,,,
,,,,,,,,Adagolás jobbról kézzel  ,,,,,,,,,,,,
5-87124-2,2122120166,"AUTÓMATÁN CSAK HÚZÓN vagy kézi adagolás, Konnektor Próba",T13,N°83,,,,,21.2/11,20.2/11,,,,,,,,,,
2122120166,,,,,,,,,0.92,1.00,,,,,,,,,,
,,,,,,,,,,,,,,,,,,,,
,,,,,,,,"AUTÓMATÁN CSAK HÚZÓN vagy kézi adagolás, Konnektor Próba",,,,,,,,,,,,
501647-1,2122120363,"Adagolás jobbról kézzel ,lassúba",,N°75,E2,,,,18.7/15.4,18.5/15.2,,,,,,,,,,
2122120363,,,,,,,,,0.88,0.93,,,,,,,,,,
,,,,,,,,,,,,,,,,,,,,
,,,,,,,,"Adagolás jobbról kézzel ,lassúba",,,,,,,,,,,,
50253229/88,2982120020,,D24,N°88,C6,,,,,22.0/15.8,21.4/15.2,20.6/14.6,,,,,,,,
2982120020,,,,,,,,,,1.18,1.26,1.30,,,,,,,,
,,,,,,,,,,,,,,,,,,,,
50253233/88,2992120015,,S2,N°20,A5,,,,,18.0/15.3,,,,,,,,,,
2992120015,,,,,,,,,,1.28,,,,,,,,,,
,,,,,,,,,,,,,,,,,,,,
50253234/88,2992120026,,S2,N°52,C1,,,,,,,,,,,A/5,,,,
2992120026,,,,,,,,,,,,,,,,1.95,,,,
,,,,,,,,,,,,,,,,,,,,
50351-8000,2122120360,,D24,N°189,E,,,,23.7/17.2,,,,,,,,,,,
2122120360,,,,,,,,,0.85,,,,,,,,,,,
,,,,,,,,,,,,,,,,,,,,
50531-8000,,,,N°189,E,,,24.0,23.2,,,,,,,,,,,
,,,,,,,,0.76,0.82,,,,,,,,,,,
,,,,,,,,,,,,,,,,,,,,
5263PBT,2642120013,,O24,N°73,E2,,,,22.8/16.8,22.2/15.3,,,,,,,,,,
2642120013,,,,,,,,,0.74,0.86,,,,,,,,,,
,,,,,,,,,,,,,,,,,,,,
54001401RWC,2122120149,,D24,N°48,B6,,,,,,,D/6,,B/6,,A/6,,,,
,,,,,,,,,,,,1.66,,1.88,,1.96,,,,
,,,,,,,,,,,,,,,,,,,,
54001803,,,N57,N°110,E4,,,,,21.2/12.2,,,,,,,,,,
,,,,,,,,,,1.24,,,,,,,,,,
,,,,,,,,,,,,,,,,,,,,
5556/T,2622120022,,T5,N°66,E5,,,B/8,B/7,B/7,A/5,,,,,,,,,
2622120022,,,,,,,,0.77,0.85,0.90,0.95,,,,,,,,,
,,,,,,,,,,Sz -3,,,,,,,,,,
,,,,,,,,,,,,,,,,,,,,
5556/T3,2622120022.1,,T5,N°64,E5,,,,,,D/5,C/4,,B/4,B/4,,,,,
2622120022.1,,,,,,,,,,,0.95,1.05,,1.10,1.15,,,,,
,,,,,,,,,,,,,,Szakszil,0.50+0.75,,,,,
,,,,,,,,,,,,,,,,,,,,
5558/T,2612120022,,T5,N°66,E5,,,,,B/7,,,,,,,,,,
2612120022,,,,,,,,,,0.90,,,,,,,,,,
,,,,,,,,,,Sz -3,,,,,,,,,,
,,,,,,,,,,,,,,,,,,,,
5558/T3,2612120022,,T5,N°64,E5,,,,,,D/5,C/4,,B/4,B/4,,,,,
2612120022,,,,,,,,,,,0.95,1.05,,1.10,1.15,,,,,
,,,,,,,,,,,,,,Szakszil,0.50+0.75,,,,,
,,,,,,,,,,,,,,,,,,,,
560121-0102 CTX-J50,2122120409,"Adagolás, Rézmegfogó üllő: ME.991272641 (N184) , Rézmegfogó: ME.991461272(N184) ,a rézmegfogó üllő mögötti hézagoló lemez cseréje a kicsire.",?11,N°157,E,,,,,25.0/18.0,,,,,,,,,,
2122120409,,,,,,,,,,0.82,,,,,,,,,,
,,,,,,,,,,,,,,,,,,,,
,,,,,,,,"Adagolás, Rézmegfogó üllő: ME.991272641 (N184) , Rézmegfogó: ME.991461272(N184) ,a rézmegfogó üllő mögötti hézagoló lemez cseréje a kicsire.",,,,,,,,,,,,
560205-0102 CTX-J100,2122120410,Adagolás + hézagolók + köszörült szigm.,?12,N°151,E,,,,,23.0/24.0,,,,,,,,,,
2122120410,,,,,,,,,,1.05,,,,,,,,,,
,,,,,,,,,,,,,,,,,,,,
,,,,,,,,Adagolás + hézagolók + köszörült szigm.,,,,,,,,,,,,
560205-0101 CTX-J100,2122120411,Adagolás + hézagolók + köszörült szigm.,?13,N°151,E,,,,,,21.1/20.1,20.0/18.3,,,,,,,,
2122120411,,,,,,,,,,,1.24,1.40,,,,,,,,
,,,,,,,,,,,,,,,,,,,,
,,,,,,,,Adagolás + hézagolók + köszörült szigm.,,,,,,,,,,,,
560122-0102 CTX-J280,2122120412,"Adagolás  A 0.35mm és a 1.00 mm es hézagolót megcserélni + az U alakú köszörült szigm. Csere + A tartót amire felfekszik a sarú hátrább ,hogy ne érje el.",?14,N°114,E,,,,,,,,,,13.2/10.3,11.3/10.0,,,,
2122120412,,,,,,,,,,,,,,,2.00,2.20,,,,
,,,,,,,,,,,,,,,,,,,,
,,,,,,,,"Adagolás  A 0.35mm és a 1.00 mm es hézagolót megcserélni + az U alakú köszörült szigm. Csere + A tartót amire felfekszik a sarú hátrább ,hogy ne érje el.",,,,,,,,,,,,
567154E4208D,2002110820,,S4,N°84,C5,,,,20.1/12.6,19.2/12.6,18.3/12.6,17.4/12.0,,,,,,,,
2002110820,,,,,,,,,1.19,1.27,1.35,1.42,,,,,,,,
,,,,,,,,,,,,,,,,,,,,
60040041 (GUMI NÉLK.),2302120026.1,,R2,N°143,D5,,,,,D/2,,C/2,,B/2,,A/1,,,,
2302120026.1,,,,,,,,,,1.36,,1.47,,1.57,,1.80,,,,
,,,,,,,,,,,,,,,,,,,,
60040041(GUMIVAL),2302120026.1,,R2,N°15,A4,,,,,15.9/21.3,,15.0/20.4,,13.8/19.8,,12.3/17.4,,,,
2302120026.1,,,,,,,,,,1.54,,1.64,,1.77,,1.93,,,,
,,,,,,,,,,,,,,,,,,,,
60040051(GUMIVAL),2122120123,0.2 hézagoló+réz+hézagoló+Szig R4453214 (szigm. Csere) mozgó üllő csere gumisra. Adagolás,T13,N°49,B6,,,,,,,,,,,,,C2,,
2122120123,,,,,,,,,,,,,,,,,,2.12,,
,,,,,,,,,,,,,,,,,,,,
,,,,,,,,0.2 hézagoló+réz+hézagoló+Szig R4453214 (szigm. Csere) mozgó üllő csere gumisra. Adagolás,,,,,,,,,,,,
60070261,2252001131.1,Szigetelés megfogót+üllöt kiszedni! Gumit feljebb húzni és fogózni,R2,N°108,D1,,,,,,,,,,,,,19.0/12.0,17.8/9.6,17.0/11.8
2252001131.1,,,,,,,,,,,,,,,,,,2.66,2.73,2.88
,,,,,,,,,,,,,,,,,,,,
,,,,,,,,Szigetelés megfogót+üllöt kiszedni! Gumit feljebb húzni és fogózni,,,,,,,,,,,,
60170271,2252001134.1,Szigetelés megfogót+üllöt kiszedni! Gumit feljebb húzni és fogózni,S3,N°96,C8,,,,,,,,,,,,20.7,18.9/5.4,,
2252001134.1,,,,,,,,,,,,,,,,,2.65,2.81,,
,,,,,,,,,,,,,,,,,6.00,10.00,,
,,,,,,,,Szigetelés megfogót+üllöt kiszedni! Gumit feljebb húzni és fogózni,,,,,,,,,,,,
60672042,C08360672042,,,N°133,D4,,,,,,,,,,,,,,,
C08360672042,,,,,,,,,,1.05,,,,,,,,,,
,,,,,,,,,,,,,,,,,,,,
610987(12103881),2472120020.3,,R2,N°51,B7,,,,C/6,C/6,,A/6,,,,,,,,
2472120020.3,,,,,,,,,1.18,1.17,,1.38,,,,,,,,
,,,,,,,,,Dupla Blank,,,,,,,,,,,
,,,,,,,,,,,,,,,,,,,,
61627-1,2121120039,A SZIGMEGFOGOT MÁSODIK LÉPCSÖBEN SARUZNI+VAKKÉS. EGYESÉVEL SZAKSZIL.,T13,N°178,E,,,,,D/2,C/1,C/1,,B/1,,,,,,
2121120039,,,,,,,,,,1.31,1.38,1.46,,1.54,,,,,,
,,,,,,,,,,,,,,,,,,,,
,,,,,,,,A SZIGMEGFOGOT MÁSODIK LÉPCSÖBEN SARUZNI+VAKKÉS. EGYESÉVEL SZAKSZIL.,,,,,,,,,,,,
626611/1,,,R3,N°10,A2,,,,15.9/21.0,18.3/21.0,17.7/20.1,15.9/19.2,,15.0/18.3,14.1/17.7,11.1/18.0,,,,
,,,,,,,,,1.60,1.50,1.52,1.65,,1.75,1.85,2.10,,,,
,,,,,,,,,2x0.50,,,,,,,,,,,
,,,,,,,,,,,,,,,,,,,,
626613/1,2252140029,,T13,N°34,B2,,,,,,,,,,,C/1,D/1,B/1,B/1,
2252140029,,,,,,,,,,,,,,,,2.15,1.99,2.25,2.29,
,,,,,,,,,,,,,,,,2.50+1.00,,,,
,,,,,,,,,,,,,,,,,,,,
638551-1,2122120153,,D1,N°79,C4,,,,,19.5/16.8,,,,,,,,,,
2122120153,,,,,,,,,,1.09,,,,,,,,,,
,,,,,,,,,,,,,,,,,,,,
641294-1,2802120018,,R3,N°86,C6,,,,,22.6/20.2,21.0/22.0,,,,,,,,,
2802120018,,,,,,,,,,1.03,1.15,,,,,,,,,
,,,,,,,,,,,,,,,,,,,,
66100/66098,2102120022,2.00 Hosszabb blank a szig.megfogót is a rézre saruzni és forrasztani (nyitott saruzás).,R3,N°41,B4,,,,D/7,D/7,C/7,B/7,,A/6,A/6,,,,,
,,,,,,,,,1.18,1.26,1.36,1.45,,1.54,1.70,,,,,
,,,,,,,,,Sz +3,,,,,,Forrasztani,,,,,
,,,,,,,,2.00 Hosszabb blank a szig.megfogót is a rézre saruzni és forrasztani (nyitott saruzás).,,,,,,,,,,,,
66259-4 Type XII ,2122120299,"Mozgó üllőt kivenni ,egyesével",,N°108,D1,,,,,,,,,,,,,16.0/12.0,,
,,,,,,,,,,,,,,,,,,2.90,,
,,,,,,,,,,,,,,,,,,,,
,,,,,,,,"Mozgó üllőt kivenni ,egyesével",,,,,,,,,,,,
66504/4,2112160015,,T1,N°109,D1,,,A6,A5,A5,A4,,,,,,,,,
,,,,,,,,0.82,0.83,0.88,0.95,,,,,,,,,
,,,,,,,,,,,,,,,,,,,,
66506/4,2111160015,,T1,N°109,D1,,,,,A/4,,,,,,,,,,
,,,,,,,,,,0.86,,,,,,,,,,
,,,,,,,,,,,,,,,,,,,,
66740-6,2122120162,"Mozgó üllő ki ,szig.megfogó kézzel",D17,"N°108 , N°49",D1,,,,,,,,,C,,,,21.0/18.6,,
,,,,,,,,,,,,,,2.36,,,,437N,,
,,,,,,,,,,,,,,,,,,Szakszil !!!,,
,,,,,,,,"Mozgó üllő ki ,szig.megfogó kézzel",,,,,,,,,,,,
60249,2122120534,,,N°18,A5,,,,,,,,,,,,,15.7/6.2,,
,,,,,,,,,,,,,,,,,,1.86,,
,,,,,,,,,,,,,,,,,,,,
66741,212212027111,T.F. Type XII AWG 10,,N°108,D1,,,,,,,,,,,,,12.0/12.0,,
212212027111,,,,,,,,,,,,,,,,,,3.37,,
,,,,,,,,,,,,,,,,,,,,
,,,,,,,,T.F. Type XII AWG 10,,,,,,,,,,,,
66740,2122120162.1,T.FEMM SILVER     A szigmegfogót fogózni.,,N°108,D1,,,,,,,,,C,,,,,,
2122120162.1,,,,,,,,,,,,,,2.36,,,,,,
,,,,,,,,,,,,,,,,,,,,
,,,,,,,,T.FEMM SILVER     A szigmegfogót fogózni.,,,,,,,,,,,,
64324-1039,2122120177,,,N°181,E7,,,,,,,18.3/20.0,,18.0/20.0,,,,,,
2122120177,,,,,,,,,,,,1.50,,1.64,,,,,,
,,,,,,,,,,,,,,,,,,,,
64324-1029,2122120178,,,N°49,B6,,,,,,,,,,,D/2 ,,,,
2122120178,,,,,,,,,,,,,,,,1.93,,,,
,,,,,,,,,,,,,,,,,,,,
,,,,,,,,,,,,,,,,Sz6,,,,
64323-1029,2122120057,vékony+réz+vastag+szig,,N°151,E7,,,,,,21.4/22.1,,,,,,,,,
2122120057,,,,,,,,,,,1.30,,,,,,,,,
,,,,,,,,,,,,,,,,,,,,
,,,,,,,,vékony+réz+vastag+szig,,,,,,,,,,,,
64322-1029,2122120056,A vezeték szigetelés ne érjen be a rézmegfogóig csak egy kicsit lóghat ki a szigetelés megfogóból. Konnektor próba,,N°78,C4,,,,,,18.0/9.0,,,,,,,,,
2122120056,,,,,,,,,,,1.20,,,,,,,,,
,,,,,,,,,,,,,,,,,,,,
,,,,,,,,A vezeték szigetelés ne érjen be a rézmegfogóig csak egy kicsit lóghat ki a szigetelés megfogóból. Konnektor próba,,,,,,,,,,,,
7114-3273-02,,,,N°96,C8,,,,,12.0,,,,,,,,,,
,,,,,,,,,,3.42,,,,,,,,,,
,,,,,,,,,,10,,,,,,,,,,
,,,,,,,,,,,,,,,,,,,,
7114-4102-02,,,,N°88,C6,,,,,22.0/19.5,,,,,,,,,,
,,,,,,,,,,1.12,,,,,,,,,,
7114-4103-02,,,,,,,,,,,,19.0/20.6,,19.1/18.2,,,,,,
7116-4103-02,,,,,,,,,,,,1.33,,1.46,,,,,,
7114-4416-02,,,,N°54,C1,,,,,A/5,,,,,,,,,,
,,,,,,,,,,0.97,,,,,,,,,,
,,,,,,,,,,Szakszil,,,,,,,,,,
,,,,,,,,,,,,,,,,,,,,
7116-1471,2XM00054,"A sarut felém emelni a gumit lejjebb fűzni nem a vályatba ,ha nem jó akkor mozgó üllő ki és egyesével . Gumi 4402705073 fekete-barna",,N°88,C6,,,23.2/20.0,,22.0/20.0,,,,,,,,,,
2XM00054,,,,,,,,0.80,,1.01,,,,,,,,,,
,,,,,,,,Dupla Blank,,,,,,,,,,,,
,,,,,,,,"A sarut felém emelni a gumit lejjebb fűzni nem a vályatba ,ha nem jó akkor mozgó üllő ki és egyesével . Gumi 4402705073 fekete-barna",,,,,,,,,,,,
7116-1472,,"991450375 szigetelésmegfogó+gyűrű, 991270197 fix üllő , 911330283 köszörült mozgó üllő csere. + Teljes adagolás állítás",T12,N°76,E5,,,,, ,,19.4/15.2,,19.0/15.2,,,,,,
,,,,,,,,,,,,1.30,,1.35,,,,,,
,,,,,,,,,,,,,,,,,,,,
,,,,,,,,"991450375 szigetelésmegfogó+gyűrű, 991270197 fix üllő , 911330283 köszörült mozgó üllő csere. + Teljes adagolás állítás",,,,,,,,,,,,
7116-1670-02,C013064763,,R3,N°135,D4,,,,13.2/18.0,12.6/17.8,,,,,,,,,,
C013064763,,,,,,,,,0.90,0.96,,,,,,,,,,
,,,,,,,,,,,,,,,,,,,,
7116-3251,2122120196,Egyesével. A szigetelésmegfogót kézzel kell rányomni.,C11,N°33,E,,,,,,,,,,,0 + sz9,,,,
2122120196,,,,,,,,,,,,,,,,2.36,,,,
7114-3251,,,,,,,,,,,,,,,,,,,,
,,,,,,,,Egyesével. A szigetelésmegfogót kézzel kell rányomni.,,,,,,,,,,,,
7116-4102-02,2122120198,Adagolás,C11,N°90,E3,,,,,24.0/6.2,,,,,,,,,,
2122120198,,,,,,,,,,0.93,,,,,,,,,,
,,,,,,,,,,,,,,,,,,,,
7116-4021,2122120278,,T13,N°67,E4,,,,,D/7,C/6,B/6,,,,,,,,
2122120278,,,,,,,,,,1.20,1.25,1.32,,,,,,,,
,,,,,,,,,,,,,,,,,,,,
7116-4120-02,2XCL000017,,R3,N°22,A6,,,,,19.5/14.7,,,,,,,,,,
2XCL000017,,,,,,,,,,1.45,,,,,,,,,,
,,,,,,,,,,SZAKSZIL,,,,,,,,,,
,,,,,,,,,,,,,,,,,,,,
7116-4121,2XCL000018,,,N°10,B3,,,,,,,,,,,10.5/18.5,,,,
2XCL000018,,,,,,,,,,,,,,,,2.10,,,,
,,,,,,,,,,,,,,,,,,,,
7116-4122-02,2XCL000019,,,N°108,D1,,,,,,,,,,,,,22.0/18.9,,
2XCL000019,,,,,,,,,,,,,,,,,,2.24,,
,,,,,,,,,,,,,,,,,,SZAKSZIL,,
,,,,,,,,,,,,,,,,,,,,
7116-4416-02,,,,N°54,C1,,,,,A5,,,,,,,,,,
,,,,,,,,,,0.97,,,,,,,,,,
,,,,,,,,,,SZAKSZIL,,,,,,,,,,
,,,,,,,,,,,,,,,,,,,,
7503/1.05.01.3,,,,N°13,A3,,,,,15.0/0,,13.5/0,,11.7/0,,,,,,
,,,,,,,,,,1.74,,1.92,,2.06,,,,,,
,,,,,,,,,,,,,,,,,,,,
770520-1(2CA000052),2CA000061,A szigetelésmegfogót cserélni a 991450104-re!!!,,N°140,D7,,,,D/6,D/6,C/5,C/5,,B/5,,,,,,
2CA000061,,,,,,,,,1.21,1.20,1.30,1.36,,1.48,,,,,,
,,,,,,,,,22AWG,,,,,,,,,,,
,,,,,,,,A szigetelésmegfogót cserélni a 991450104-re!!!,,,,,,,,,,,,
770902-1,2122120023,Gumis szigetelésmegfogó+gumisűllőcsere!,T13,N°107,A8,,,,,24.4/16.2,,,,,,,,,,
2122120023,,,,,,,,,,0.82,,,,,,,,,,
,,,,,,,,,,,,,,,,,,,,
,,,,,,,,Gumis szigetelésmegfogó+gumisűllőcsere!,,,,,,,,,,,,
770903-1,2122120137,,S2,N°187,E,,,,23.0/20.6,22.4/20.6,21.4/20.6,,,,,,,,,
2122120137,,,,,,,,,0.85,0.90,1.00,,,,,,,,,
,,,,,,,,,,,,,,,,,,,,
770904-1,2122120165,,,N°187,E,,,,23.0/20.6,22.4/20.6,21.4/20.6,,,,,,,,,
2122120165,,,,,,,,,0.85,0.90,1.00,,,,,,,,,
,,,,,,,,,,,,,,,,,,,,
794606-1,2182120015,,T2,N°72,E2,,,,,21.6/3.0,,,,,,,,,,
2182120015,,,,,,,,,,0.87,,,,,,,,,,
,,,,,,,,,,,,,,,,,,,,
794612-1,2181120016,Üllő ki,D6,N°157,E2,,,,,23.3/20.0,,,,,,,,,,
2181120016,,,,,,,,,,0.91,,,,,,,,,,
,,,,,,,,,,,,,,,,,,,,
,,,,,,,,Üllő ki,,,,,,,,,,,,
794956-1,2622120022.9,,T2,N°66,E5,,,,A/8,A/8,A/8,,,,,,,,,
2622120022.9,,,,,,,,,0.86,0.94,1.04,,,,,,,,,
,,,,,,,,,,Sz -3,Sz -6,,,,,,,,,
,,,,,,,,,,,,,,,,,,,,
8100-1429,2502120021,,EXT,N°6,A1,,,,,,21.6/13.2,,,,,,,,,
2502120021,,,,,,,,,,,1.14,,,,,,,,,
,,,,,,,,,,,,,,,,,,,,
8100-1891,C013064613,,,N°140,D7,,,,,D/4,,C/3,,,,,,,,
C013064613,,,,,,,,,,1.18,,1.31,,,,,,,,
,,,,,,,,,,,,,,,,,,,,
8100-3455,,,,N°184,E,,,25.1/13.0,24.5/13.0,23.3/13.0,,,,,,,,,,
C01300044,,,,,,,,0.90,0.95,1.05,,,,,,,,,,
,,,,,,,,,,,,,,,,,,,,
8100-4030,2122120449,Vastag hézagoló + Rézmegfogó (ME.991461272(N184)) +Rézmegfogó üllő (ME.991272641(N184)) + adagolás,?20,N°157,E,,,,,23.0/16.4,22.2/15.4,,,,,,,,,
2122120449,,,,,,,,,,1.00,1.10,,,,,,,,,
8100-4027,,,,,,,,,,,,,,,,,,,,
2122120450,,,,,,,,Vastag hézagoló + Rézmegfogó (ME.991461272(N184)) +Rézmegfogó üllő (ME.991272641(N184)) + adagolás,,,,,,,,,,,,
8980-6C,2131120024.1,,,N°3,D7,,,,,21.0/24.9,,,,,,,,,,
2131120024.1,,,,,,,,,,1.19,,,,,,,,,,
,,,,,,,,,,,,,,,,,,,,
8445F01,2122120551,,,N°52,C1,,,,,,,B6,,A5,,A4,,,,
2122120551,,,,,,,,,,,,1.88,,2.00,,2.18,,,,
,,,,,,,,,,,,,,,,SZ-6,,,,
,,,,,,,,,,,,,,,,,,,,
8100-2980,2122120306,,R1,N°108,D1,,,,,,,,,,,,,,17.0/14.0,17.0/14.0
2122120306,,,,,,,,,,,,,,,,,,,2.80,2.70
,,,,,,,,,,,,,,,,,,,2x2.50,
,,,,,,,,,,,,,,,,,,,,
917308-1,2542130015,Szigetelés megfogó csere a 6161507-esre+hézagoló+0.70mm-es hézagoló+hézagoló gyűrű csere,T5,N°157,E1,,,,24.8/20.2,24.4/18.2,24.6/26.8,,,,,,,,,
2542130015,,,,,,,,,0.81,0.85,0.50SCH,,,,,,,,,
,,,,,,,,,,,,,,,,,,,,
,,,,,,,,Szigetelés megfogó csere a 6161507-esre+hézagoló+0.70mm-es hézagoló+hézagoló gyűrű csere,,,,,,,,,,,,
917309-1,2541130015,Szigetelés megfogó csere a 6161507-esre+hézagoló+0.70mm-es hézagoló+hézagoló gyűrű csere,T5,N°157,E1,,,,24.8/20.2,24.4/18.2,24.6/26.8,,,,,,,,,
2541130015,,,,,,,,,0.81,0.85,0.50SCH,,,,,,,,,
,,,,,,,,,,,,,,,,,,,,
,,,,,,,,Szigetelés megfogó csere a 6161507-esre+hézagoló+0.70mm-es hézagoló+hézagoló gyűrű csere,,,,,,,,,,,,
925575/1,2302120022,,,N°35,B2,,,,,D/5,,C/4,,B/4,A/1,,,,,
,,,,,,,,,,1.13,,1.23,,1.34,1.42,,,,,
,,,,,,,,,,,,,,,,,,,,
925590-1,,,,N°35,B2,,,,,C/4,,,,,,,,,,
,,,,,,,,,,1.21,,,,,,,,,,
,,,,,,,,,,,,,,,,,,,,
925713/2,2131121529,,R3,N°93,C7,,,,,,,,,,,D/8,,B/8,,A/8
2131121529,,,,,,,,,,,,,,,,2.10,,2.40,,2.65
,,,,,,,,,,,,,,,,,,,,
925714/2,2122120121,"Cserélni a rmf üllőt:991270315,rmf kést:991460794 +szervó+6!",D11,N°93,C7,,,,,,,,,D/7,,,,,,
2122120121,,,,,,,,,,,,,,1.78,,,,,,
,,,,,,,,,,,,,,,,,,,,
,,,,,,,,"Cserélni a rmf üllőt:991270315,rmf kést:991460794 +szervó+6!",,,,,,,,,,,,
926820-4,2122120333,"A vágókéseket kivenni és a hasonló méretű hézagolókkal helyettesíteni.  Csak AMP egyesével,lassún",D24,N°50,B7,,,,,,,,,D/6,,D/6,,,,
2122120333,,,,,,,,,,,,,,1.50,,1.73,,,,
,,,,,,,,,,,,,,Sz-6,,Ónozni,,,,
,,,,,,,,"A vágókéseket kivenni és a hasonló méretű hézagolókkal helyettesíteni.  Csak AMP egyesével,lassún",,,,,,,,,,,,
926982-1,2171120026,,R3,N°87,C6,,,,,,,19.0/11.8,,17.8/11.0,,15.2/10.8,,,,
2171120026,,,,,,,,,,,,1.35,,1.50,,1.70,,,,
,,,,,,,,,,,,,,,,,,,,
927771-3,2272120020,,R3,N°89,A8,,,,21.8/12.5,21.2/12.3,20.2/10.8,19.2/9.9,,,,,,,,
2272120020,,,,,,,,,1.13,1.18,1.27,1.36,,,,,,,,
,,,,,,,,,,,,,,,,,,,,
927771-3,2272120020,,R3,N°20,A5,,,,,19.5/15,18.9/14.1,17.4/14.1,,16.5/13.8,18.3/12.2,,,,,
2272120020,,,,,,,,,,1.18,1.25,1.36,,1.45,1.39,,,,,
,,,,,,,,,,,,,,,1.00+0.25,,,,,
,,,,,,,,,,,,,,,,,,,,
927773-3,2272120026,,R3,N°154,D7,,,,,,,,,D/4,C/3,B/3,,,,
2272120026,,,,,,,,,,,,,,1.49,1.59,1.68,,,,
,,,,,,,,,,,,,,,,,,,,
927831-2,2302120020,,R3,N°46,B5,,,,C/5,D/5,C/5,B/4,,,,,,,,
2302120020,,,,,,,,,1.40,1.30,1.40,1.50,,,,,,,,
,,,,,,,,,Dupla Blank,,,,,,,,,,,
,,,,,,,,,,,,,,,,,,,,
927835-1,2312120026,"Adagolás  , Szigetelés megfogót a 176.os fejből átrakni (RÉZ+1.1 HÉZ. + SZIG ME.991450463)",S3,N°15,A4,,,,,,,,,12.3/15.0,,10.5/17.1,,,,
2312120026,,,,,,,,,,,,,,1.88,,2.19,,,,
,,,,,,,,,,,,,,,,,,,,
,,,,,,,,"Adagolás  , Szigetelés megfogót a 176.os fejből átrakni (RÉZ+1.1 HÉZ. + SZIG ME.991450463)",,,,,,,,,,,,
927837/2,2302120026,,R3,N°52,C1,,,,,,,,,C/5,B/5,A/5,,,,
2302120026,,,,,,,,,,,,,,1.76,1.90,2.04,,,,
,,,,,,,,,,,,,,,,,,,,
928781-2,2271120026.1,,Ext,N°52,C1,,,,,,,D/7,,C/7,,B/7,A/6,,,
2271120026.1,,,,,,,,,,,,1.65,,1.75,,1.87,1.97,,,
,,,,,,,,,,,,,,,,,,,,
928930/2,2271120020.1,,R3,N°130,D4,,,,,D/4,,,,,,,,,,
2271120020.1,,,,,,,,,,1.26,,,,,,,,,,
,,,,,,,,,,,,,,,,,,,,
928939,2272110020.1,,Ext,N°51,B7,,,,,C/6,,,,,,,,,,
2272110020.1,,,,,,,,,,1.13,,,,,,,,,,
,,,,,,,,,,,,,,,,,,,,
928966-1,2312120029,Adaglás,S3,N°176,E5,,,,,,,,,,,,,17.0/24.0,,
2312120029,,,,,,,,,,,,,,,,,,1.92,,
,,,,,,,,,,,,,,,,,,,,
,,,,,,,,Adaglás,,,,,,,,,,,,
928999/1,2182120113.2,,R3,N°78,C4,,,,22.5/4.6,21.9/4.2,20.6/4.2,,,,,,,,,
2182120113.2,,,,,,,,,0.75,0.86,1.00,,,,,,,,,
,,,,,,,,,,,,,,,,,,,,
929937-3,2272130022,,S3,N°9,A2,,,,,,,,,17.7/13.5,16.2/12.9,14.7/12.0,,,,
2272130022,,,,,,,,,,,,,,1.51,1.64,1.77,,,,
,,,,,,,,,,,,,,,,,,,,
929939-3,2272130020,,S3,N°88,C6,,,,,22.2/16.5,21.2/15.9,20.2/15.9,,19.0/15.9,,,,,,
2272130020,,,,,,,,,,1.18,1.27,1.36,,1.48,,,,,,
,,,,,,,,,,,,,,,,,,,,
929952,2272110020,,,N°6,A1,,,,,21.6/21.0,,,,,,,,,,
2272110020,,,,,,,,,,1.02,,,,,,,,,,
,,,,,,,,,,,,,,,,,,,,
929964-1,2161121426,,S1,N°48,B6,,,,,,,D/5,,D/5,C/3,B/4,,,,
2161121426,,,,,,,,,,,,1.48,,1.67,1.81,1.95,,,,
,,,,,,,,,,,,Sz +9,,,2X1.00,,,,,
,,,,,,,,,,,,,,,,,,,,
929968-1,2121120030,,,N°48,B6,,,,,,,D/5,,D/5,C/3,B/4,,,,
2121120030,,,,,,,,,,,,1.48,,1.67,1.81,1.95,,,,
,,,,,,,,,,,,Sz+9,,,2X1.00,,,,,
,,,,,,,,,,,,,,,,,,,,
929971   ,2162121426,,S1,N°138,D5,,,,,,,D/7,,C/6,,B/4,,,,
2162121426,,,,,,,,,,,,1.45,,1.54,,1.69,,,,
,,,,,,,,,,,,,,,,,,,,
929974    929970,2122120029,Gumit a saru alá húzni csak a 70.nél,T1,N°88,C6,,,,,,20.6/15.4,21.0/15.0,,,,,,,,
2122120029,,,,,,,,,,,1.27,1.35,,,,,,,,
,,,,,,,,,,,,,,,,,,,,
,,,,,,,,Gumit a saru alá húzni csak a 70.nél,,,,,,,,,,,,
929975,2122120030,,N53,N°15,A4,,,,,,,,,14.7/19.8,,13.2/18.0,,,,
2122120030,,,,,,,,,,,,,,1.85,,2.04,,,,
,,,,,,,,,,,,,,Szakszil,,Szakszil,,,,
,,,,,,,,,,,,,,,,,,,,
929989,2122120035,,,N°98,E3,,,,,,19.0/18.2,,,,,,,,,
2122120035,,,,,,,,,,,1.38,,,,,,,,,
,,,,,,,,,,,,,,,,,,,,
929990,2122120036,"A két kés közé plusz 0.50mm ,a hátsó részt amire felül a saru lejjebb.",?,N°181,E,,,,,,,,,17.0/22.0,,,,,,
2122120036,,,,,,,,,,,,,,1.73,,,,,,
,,,,,,,,,,,,,,,,,,,,
,,,,,,,,"A két kés közé plusz 0.50mm ,a hátsó részt amire felül a saru lejjebb.",,,,,,,,,,,,
962841,2271130020.2,,R2,N°47,B6,,,,,C/6,,B/5,,,,,,,,
2271130020.2,,,,,,,,,,1.20,,1.32,,,,,,,,
,,,,,,,,,,,,,,,,,,,,
962842,2271130026,,R2,N°48,B6,,,,,,,D/8,,D/5,,B/4,,,,
2271130026,,,,,,,,,,,,1.48,,1.54,,1.83,,,,
,,,,,,,,,,,,,,,,,,,,
962883-1,2271130020.1,,S1,N°47,B6,,,,,C/6,B/5,A/4,,A/3,,,,,,
2271130020.1,,,,,,,,,,1.36,1.46,1.56,,1.59,,,,,,
,,,,,,,,,,,,,,,,,,,,
962904/1,2301120026,,S1,N°48,B6,,,,,,,,,C/3,B/3,A/3,,,,
2301120026,,,,,,,,,,,,,,1.75,1.90,2.05,,,,
,,,,,,,,,,,,,,,,,,,,
962915-1,2271620020,,S1,N°76,E5,G,,,,21.8/21.0,20.8/21.8,20.0/20.2,,,,,,,,
2271620020,,,,,,,,,,1.16,1.25,1.31,,,,,,,,
,,,,,,,,,,,,,,,,,,,,
962916-1,2271620026,,R2,N°76,E5,G,,,,,,17.4,,16.6,15.0,13.8,,,,
2271620026,,,,,,,,,,,,1.50,,1.58,1.73,1.88,,,,
,,,,,,,,,,,,,,,,,,,,
963709/2,2302120031,Laika 4-6mm2 szigmegfog csere 991450336-ra(N176),S1,N°170,E7,,,,,,,,,,,D/4,D/6,C/2,B/4,A/1
2302120031,,,,,,,,,,,,,,,,2.31,2.21,2.36,2.54,2.80
,,,,,,,,,,,,,,,,2.50+1.00,,,,
,,,,,,,,Laika 4-6mm2 szigmegfog csere 991450336-ra(N176),,,,,,,,,,,,
963715,2182120113.3,,?25,N°78,C4,,,,,21.0/6.0,18.6/3.0,,,,,,,,,
2182120113.3,,,,,,,,,,0.95,1.06,,,,,,,,,
,,,,,,,,,,,,,,,,,,,,
963716-1,,Adagolás,,N°54,C1,,,,,,B6,A5,,,,,,,,
,,,,,,,,,,,0.96,1.07,,,,,,,,
,,,,,,,,,,,,,,,,,,,,
,,,,,,,,Adagolás,,,,,,,,,,,,
964269-2,2CA000021,,T13,N°67,E4,,,,,C/8,,,,,,,,,,
2CA000021,,,,,,,,,,1.22,,,,,,,,,,
,,,,,,,,,,,,,,,,,,,,
964269-2,2CA000021,SZÜRKE GUMIVAL,T13,N°6,A1,,,,18.7/21.3,18.6/21.3,18.3/21.3,17.7/21.3,,,,,,,,
2CA000021,,,,,,,,,1.15,1.17,1.26,1.35,,,,,,,,
,,,,,,,,,SZÜRKE GUMIVAL,SZÜRKE GUMIVAL,SZÜRKE GUMIVAL,SZÜRKE GUMIVAL,,,,,,,,
,,,,,,,,,,,,,,,,,,,,
964274/2*,2272110020.2,Adagolás,S3,N°186,D3,,,,,22.8/12.3,21.8/12.3,20.2/12.3,,,,,,,,
2272110020.2,,,,,,,,,,1.05,1.15,1.27,,,,,,,,
,,,,,,,,,,,,,,,,,,,,
,,,,,,,,Adagolás,,,,,,,,,,,,
964304-1,2CA000037,,S2,N°46,B5,,,,,C/5,,B/5,,,,,,,,
2CA000037,,,,,,,,,,1.32,,1.43,,,,,,,,
,,,,,,,,,,,,,,,,,,,,
965906-1,2542130016,réz üllő ME.991270252;rézmegfogó ME.991460187 (N78) ;Szigemgfogó (köszörült ME.991450359)  zacskó a fiókban  +ADAGOLÁS ÁLLÍTÁS.,D6 Dobon Mariann,N°113,E,,,,,23.2/11.0,23.0/11.0,,,,,,,,,
2542130016,,,,,,,,,,0.95,1.04,,,,,,,,,
,,,,,,,,,,,,,,,,,,,,
,,,,,,,,réz üllő ME.991270252;rézmegfogó ME.991460187 (N78) ;Szigemgfogó (köszörült ME.991450359)  zacskó a fiókban  +ADAGOLÁS ÁLLÍTÁS.,,,,,,,,,,,,
965908-1,2122120126,réz üllő ME.991270252;rézmegfogó ME.991460187 (N78) ;Szigemgfogó (köszörült ME.991450359)  zacskó a fiókban  +ADAGOLÁS ÁLLÍTÁS.,D6,N°113,E,,,,,23.2/11.0,23.0/11.0,,,,,,,,,
2122120126,,,,,,,,,,0.95,1.04,,,,,,,,,
,,,,,,,,,,,,,,,,,,,,
,,,,,,,,réz üllő ME.991270252;rézmegfogó ME.991460187 (N78) ;Szigemgfogó (köszörült ME.991450359)  zacskó a fiókban  +ADAGOLÁS ÁLLÍTÁS.,,,,,,,,,,,,
965901,,,Raktár O Mariann,N°20,A,,,,,21.2/12.3,20.2/10.8,19.2/9.9,,,,,,,,
,,,,,,,,,,1.18,1.27,1.36,,,,,,,,
,,,,,,,,,,,,,,,,,,,,
968087/1,2702120022,,S3,N°82,E3,,,,,20.1/17.1,18.9/16.8,18.0/14.4,,17.1/13.6,,,,,,
2702120022,,,,,,,,,,1.18,1.28,1.36,,1.44,,,,,,
,,,,,,,,,,,,,,,,,,,,
968221-1,2182120117.2,,S1,N°54,C1,,,,,B/4,,A/4,,,,,,,,
2182120117.2,,,,,,,,,,0.92,,1.02,,,,,,,,
,,,,,,,,,,,,,,,,,,,,
968849-1,2CA000043,Szig.megfogó:991450244(N'66)        Megvezetés állítás,T12,N°89,A8,,,,,,,19.0/0.0,,,,,,,,
2CA000043,,,,,,,,,,,,1.38,,,,,,,,
,,,,,,,,,,,,,,,,,,,,
AT60-14-0122,2122120465,,,N°87,E,,,,,,,,,19.0/12.2,18.0/12.3,15.0/12.2,,,,
2122120465,,,,,,,,,,,,,,1.42,1.47,1.63,,,,
,,,,,,,,,,,,,,,,,,,,
AT62-16-0122,2122120459,Ugyan Az mint: 1062-16-0122  EZ A GYÁRI !!!,,N°159,E,,,,"19.2/15.0
","19.8/14.4
","18.3/13.8
","18.3/13.8
",,"17.0/12.6
",16.7/13.5,16.0/12.3,,,,
2122120459,,,,,,,,,"1.30
","1.20
","1.30
","1.37
",,"1.48
",1.59,1.60,,,,
,,,,,,,,,,,,,,,,,,,,
,,,,,,,,Ugyan Az mint: 1062-16-0122  EZ A GYÁRI !!!,,,,,,,,,,,,
AT62-16-0122,2122120459,"Tartalék !!! 0.10mm +réz 991460174(A2) vékony + 0.50mm hézagoló + szigetelésmegfogó rögzítő + szigetelésmegfogó ,adagolás állítás megvezetés állítás",,N°87,C6,,,,,,,,,,16.7/18.0,16.0/17.4,,,,
2122120459,,,,,,,,,,,,,,,1.59,1.60,,,,
,,,,,,,,,,,,,,,,,,,,
,,,,,,,,"Tartalék !!! 0.10mm +réz 991460174(A2) vékony + 0.50mm hézagoló + szigetelésmegfogó rögzítő + szigetelésmegfogó ,adagolás állítás megvezetés állítás",,,,,,,,,,,,
AK10419,2492120029,,S3,N°44,B5,,,,,,,,,,,D/4,,C/4,,B/4
2492120029,,,,,,,,,,,,,,,,2.12,,2.27,,2.32
,,,,,,,,,,,,,,,,,,,,
AK6024,2482120022,,S3,N°15,A4,,,,,,,15.6/15.0,,14.7/14.1,13.5/13.2,12.6/12.0,,,,
2482120022,,,,,,,,,,,,1.70,,1.80,1.90,2.00,,,,
,,,,,,,,,,,,,,,,,,,,
AK6025,2481120022,,T4,N°152,D7,,,,,,D/5,D/5,,C/5,B/4,A/4,,,,
2481120022,,,,,,,,,,,1.60,1.66,,1.77,1.86,1.96,,,,
,,,,,,,,,,,Sz +3,,,,,,,,,
,,,,,,,,,,,,,,,,,,,,
AK7489,,,,N°22,A6,,,,,19.5/16.2,,,,,,,,,,
,,,,,,,,,,1.19,,,,,,,,,,
,,,,,,,,,,,,,,,,,,,,
AK7632,.=12047581,,S2,N°127,D3,,,,,D/5,D/5,,,,,,,,,
.=12047581,,,,,,,,,,1.33,1.43,,,,,,,,,
,,,,,,,,,,,,,,,,,,,,
AK7809,2472120020,,S3,N°59,C3,,,,,D/1,,B/1,,A/3,,,,,,
2472120020,,,,,,,,,,1.05,,1.17,,1.22,,,,,,
,,,,,,,,,,,,,,,,,,,,
AK7810,2471120020,,S3,N°15,A4,,,,,18.6/22.8,,17.7/20.1,,16.5/18.9,,,,,,
2471120020,,,,,,,,,,1.32,,1.43,,1.56,,,,,,
,,,,,,,,,,,,,,,,,,,,
AK8620,2492120026,,S3,N°44,B5,,,,,,,D/4,,D/6,D/5,D/5,,,,
2492120026,,,,,,,,,,,,1.61,,1.67,1.70,1.81,,,,
,,,,,,,,,,,,Sz +9,,Sz +9,Sz +9,,,,,
,,,,,,,,,,,,,,,,,,,,
CA000431,2XKT000025,,?28,N°121,E,,,,,,,20.0/18.0,,18.1/16.1,,,,,,
2XKT000025,,,,,,,,,,,,1.27,,1.43,,,,,,
,,,,,,,,,,,,,,,,,,,,
CTX-J50,2122120409,"Adagolás, Rézmegfogó üllő: ME.991272641 (N184) , Rézmegfogó: ME.991461272(N184) ,a rézmegfogó üllő mögötti hézagoló lemez cseréje a kicsire.",?11,N°157,E,,,,,25.0/18.0,,,,,,,,,,
,,,,,,,,,,0.82,,,,,,,,,,
,,,,,,,,,,,,,,,,,,,,
,,,,,,,,"Adagolás, Rézmegfogó üllő: ME.991272641 (N184) , Rézmegfogó: ME.991461272(N184) ,a rézmegfogó üllő mögötti hézagoló lemez cseréje a kicsire.",,,,,,,,,,,,
CTX-J100 (0.50),2122120410,Adagolás + hézagolók + köszörült szigm.,?12,N°151,E,,,,,23.0/24.0,,,,,,,,,,
,,,,,,,,,,1.05,,,,,,,,,,
,,,,,,,,,,,,,,,,,,,,
,,,,,,,,Adagolás + hézagolók + köszörült szigm.,,,,,,,,,,,,
CTX-J100 (1.00),2122120411,Adagolás + hézagolók + köszörült szigm.,?13,N°151,E,,,,,,21.1/20.1,20.0/18.3,,,,,,,,
,,,,,,,,,,,1.24,1.40,,,,,,,,
,,,,,,,,,,,,,,,,,,,,
,,,,,,,,Adagolás + hézagolók + köszörült szigm.,,,,,,,,,,,,
CTX-J280,2122120412,"Adagolás  A 0.35mm és a 1.00 mm es hézagolót megcserélni + az U alakú köszörült szigm. Csere + A tartót amire felfekszik a sarú hátrább ,hogy ne érje el.",?14,N°114,E,,,,,,,,,,13.2/10.3,11.3/10.0,,,,
,,,,,,,,,,,,,,,2.00,2.20,,,,
,,,,,,,,,,,,,,,,,,,,
,,,,,,,,"Adagolás  A 0.35mm és a 1.00 mm es hézagolót megcserélni + az U alakú köszörült szigm. Csere + A tartót amire felfekszik a sarú hátrább ,hogy ne érje el.",,,,,,,,,,,,
C/L 064559,,,,N°51,B7,,,,,C/7,,,,,,,,,,
,,,,,,,,,,1.22,,,,,,,,,,
,,,,,,,,,,,,,,,,,,,,
C/L064613,,,,N°22,A6,,,,,,,19.5/12,,,,,,,,
,,,,,,,,,,,,1.28,,,,,,,,
,,,,,,,,,,,,,,,,,,,,
CF16PC19RF,2101130022,Teljes adagolás állítás+82 fej sarumegvezető cseréje.,Ext,N°46,B5,,,,,D/6,D/6,C/6,,B/5,,,,,,
,,,,,,,,,,1.14,1.22,1.30,,1.43,,,,,,
,,,,,,,,,,Sz+3,,,,,,,,,,
,,,,,,,,Teljes adagolás állítás+82 fej sarumegvezető cseréje.,,,,,,,,,,,,
C01300044,,,T12,N°184,E,,,25.1/18.0,24.5/18.0,23.3/18.0,,,,,,,,,,
,,,,,,,,,,,,,,,,,,,,
,,,,,,,,0.90,0.95,1.05,,,,,,,,,,
,,,,,,,,,,,,,,,,,,,,
C01300046,,Szig.megfogó alá fém (759 félbehajtva),,N°107,A8,,,,,22.5,,,,,,,,,,
,,,,,,,,,,1.08,,,,,,,,,,
,,,,,,,,,,,,,,,,,,,,
,,,,,,,,Szig.megfogó alá fém (759 félbehajtva),,,,,,,,,,,,
C051005,2528058,"Ha nem jó akkor hézagolók állítása , adagolás",,N°157,E2,,,,,23.2/20.2,,,,,,,,,,
,,,,,,,,,,0.93,,,,,,,,,,
,,,,,,,,,,,,,,,,,,,,
,,,,,,,,"Ha nem jó akkor hézagolók állítása , adagolás",,,,,,,,,,,,
CO8360672042,,,,N°51,B7,,,,,C/6,,,,,,,,,,
,,,,,,,,,,1.14,,,,,,,,,,
,,,,,,,,,,,,,,,,,,,,
E16601BS-0,2121120025,,Ext,N°149,D6,,,,,22.0/15.8,21.0/16.0,20.6/15.0,,19.0/15.4,,,,,,
2121120025,,,,,,,,,,1.31,1.35,1.46,,1.60,,,,,,
,,,,,,,,,,,,,,,,,,,,
E1661BS-2,2011110922.2,,T9,N°149,D6,,,,,22.0/16.2,21.3/14.6,20.4/15.2,,18.8/14.6,,,,,,
2011110922.2,,,,,,,,,,1.30,1.36,1.40,,1.55,,,,,,
,,,,,,,,,,,,,,,,,,,,
E1738BS-0,2CA000039,A 0.50 mm hézagolót átrakni a két kés közé. Adagolás,C13,N°46,B5,,,,D6,D6,D5,C5,,B4,,,,,,
2CA000039,,,,,,,,,1.15,1.19,1.23,1.36,,1.50,,,,,,
,,,,,,,,,,,,,,,,,,,,
,,,,,,,,A 0.50 mm hézagolót átrakni a két kés közé. Adagolás,,,,,,,,,,,,
E17618BS-0,2122120025,,T6,N°148,D6,,,,,22.2/19.6,21.8/19.0,21.0/17.4,,20.0/16.4,,,,,,
2122120025,,,,,,,,,,1.21,1.28,1.34,,1.46,,,,,,
,,,,,,,,,,,,,,,,,,,,
E1761BS-2,2012110922.2,,T9,N°148,D6,,,,,22.6/16.6,21.6/14.6,20.6,,19.0,,16.2/20.0,,,,
2012110922.2,,,,,,,,,,1.22,1.29,1.35,,1.50,,1.75,,,,
,,,,,,,,,,,,,,,,,,,,
,,,,,,,,,,,,,,,,DUPLA DIÓDA,,,,
E24213BS-2 (08-50-0106),2652520018,,S2,N°132,D4,,,,,D/7,,B/7,,,,,,,,
2652520018,,,,,,,,,,1.01,,1.21,,,,,,,,
,,,,,,,,,,,,,,,,,,,,
E2426PS-2,2002110613,1.40mm+0.10mm+0.10mm  -  réz.  -  0.35mm  -  szig.  A vágást kicsit nagyobbra hagyni.,T1,N°75,E2,,,20.0/11.0,19.6/11.0,,,,,,,,,,,
2002110613,,,,,,,,0.68,0.73,,,,,,,,,,,
,,,,,,,,,0.32,,,,,,,,,,,
,,,,,,,,1.40mm+0.10mm+0.10mm  -  réz.  -  0.35mm  -  szig.  A vágást kicsit nagyobbra hagyni.,,,,,,,,,,,,
E604501BS-2,2012110929.2,,T9,N°18,A5,,,,,,,,,,18.9/8.7,18.0/8.1,18.3/3.6,18.6/3.6,,18.0/2.1
2012110929.2,,,,,,,,,,,,,,,1.49,1.63,1.65,1.63,,1.70
,,,,,,,,,,,,,,,,,,,,
E605102BS-2,2122120436,,,N°84,C5,,,,15.7/12.0,,,,,,,,,,,
2122120436,,,,,,,,,1.41,,,,,,,,,,,
,,,,,,,,,Lassúba,,,,,,,,,,,
,,,,,,,,,,,,,,,,,,,,
E605501BS-2,2011110929.2,A RÉZSZÁL NEM LÁTSZÓDHAT KI A SARUBÓL. SARUZÁS UTÁN FORRASZTANI.,T9,N°150,D6,,,,,,,,,,15.6/16.2,14.6/18.4,13.8/15.2,10.8/22.2,,10.2/22.0
2011110929.2,,,,,,,,,,,,,,,1.81,1.90,2.05,2.25,,2.42
2XL400037,,,,,,,,,,,,,,,,,,,,Ónozni
,,,,,,,,A RÉZSZÁL NEM LÁTSZÓDHAT KI A SARUBÓL. SARUZÁS UTÁN FORRASZTANI.,,,,,,,,,,,,
E617008BS-2,2122120361,sötétkék gumi 4402705039,,N°88,C6,,,,,22.0/18.2,,,,,,,,,,
,,,,,,,,,,1.00,,,,,,,,,,
,,,,,,,,,,,,,,,,,,,,
,,,,,,,,sötétkék gumi 4402705039,,,,,,,,,,,,
E617004BS,2CA000028,Adagolás,D1,N°88,S2,,,,,22.5/18.0,22.3/18.0,22.2/18.0,,,,,,,,
2CA000028,,,,,,,,,,1.05,1.15,1.21,,,,,,,,
,,,,,,,,,,,,,,,,,,,,
,,,,,,,,Adagolás,,,,,,,,,,,,
E617117BS-2,2122120446,,C10,N°6,A1,,,,21.1/16.8,21.0/16.8,19.8/16.8,18.6/16.8,,17.1/16.8,,,,,,
2122120446,,,,,,,,,1.16,1.21,1.25,1.35,,1.50,,,,,,
,,,,,,,,,,,,,,,,,,,,
E1772-BS0,2122120220,Egyesével,S4,N°31,D7,,,,,,,,,,,,,D2+Sz9,,
2122120220,,,,,,,,,,,,,,,,,,2.20,,
,,,,,,,,,,,,,,,,,,,,
,,,,,,,,Egyesével,,,,,,,,,,,,
E617207KS-2,2122120027,,S2,N°88,C6,,,,,,22.2/17.4,20.4/17.4,,20.0/17.4,,,,,,
2122120027,,,,,,,,,,,1.14,1.24,,1.32,,,,,,
,,,,,,,,,,,,,,,,,,,,
E617237KS-2,2122120026,,O24,N°90,E3,,,,,,22.0/8.0,,,,,,,,,
2122120026,,,,,,,,,,,1.10,,,,,,,,,
,,,,,,,,,,,,,,,,,,,,
E617337KS-2,2121120026,,Ext,N°90,E3,,,,,,22.0/8.0,,,,,,,,,
2121120026,,,,,,,,,,,1.13,,,,,,,,,
,,,,,,,,,,,,,,,,,,,,
E617338,2121120043,,O24,N°90,E3,,,,,,21.6/7.4,,,,,,,,,
2121120043,,,,,,,,,,,1.11,,,,,,,,,
,,,,,,,,,,,,,,,,,,,,
E7755TP,2122120088,Üllő csere a köszörült 911271218-ra,,N°54,C1,,,,B/5,A/5,,,,,,,,,,
2122120088,,,,,,,,,0.84,0.95,,,,,,,,,,
,,,,,,,,,,,,,,,,,,,,
,,,,,,,,Üllő csere a köszörült 911271218-ra,,,,,,,,,,,,
FG029TNB,2012110722.1,,,N°29,B,,,,,,,C3,,B3,,A2,,,,
2012110722.1,,,,,,,,,,,,1.48,,1.61,,1.80,,,,
,,,,,,,,,,,,,,,,,,,,
FM5FC40PTT,2012110826,,S8,N°122,D2,,,,,,,,,,,B/6,A/5,,,
2012110826,,,,,,,,,,,,,,,,1.81,1.98,,,
,,,,,,,,,,,,,,,,,,,,
FM5MC01PTT,2011110810,,S6,N°37,B,,,,,C/4,C/4,B/4,,,,,,,,
2011110810,,,,,,,,,,1.32,1.37,1.43,,,,,,,,
,,,,,,,,,,,,,,,,,,,,
ID602996,,,S2,N°51,B7,,,,,C/6,B/6,A/6,,A/6,,,,,,
,,,,,,,,,,1.20,1.30,1.40,,1.41,,,,,,
,,,,,,,,,,,,,,,,,,,,
M23S05K351,2CA000056,,D6,N°51,B7,,,,,,,B/7,,A/5,,,,,,
2CA000056,,,,,,,,,,,,1.30,,1.50,,,,,,
,,,,,,,,,,,,SZAKSZIL,,SZAKSZIL,,,,,,
,,,,,,,,,,,,,,,,,,,,
M5300-U91,,,S2,N°54,C1,,,,B/5,A/5,,,,,,,,,,
,,,,,,,,,0.92,1.00,,,,,,,,,,
,,,,,,,,,,,,,,,,,,,,
MCSFDBU1,,,,N°107,A8,,,,23.0/18.6,22.2/18.0,,,,,,,,,,
,,,,,,,,,1.02,1.09,,,,,,,,,,
,,,,,,,,,,,,,,,,,,,,
MCSFDBU2,,,,N°38,B3,,,,,18.9/18.6,,,,,,,,,,
,,,,,,,,,,1.25,,,,,,,,,,
,,,,,,,,,,,,,,,,,,,,
MCSFDBU2,,,,N°39,B4,,,,,,,17.4/15.3,,16.8/14.4,,,,,,
,,,,,,,,,,,,1.35,,1.41,,,,,,
,,,,,,,,,,,,,,,,,,,,
MCSMDBU2,,,,N°38,B3,,,,,19.2/18.0,,17.4/14.4,,,,,,,,
,,,,,,,,,,1.22,,1.42,,,,,,,,
,,,,,,,,,,,,,,,,,,,,
MHF05-GV1,,,,N°43,B4,,,,,A/1,A/1,B/1,,C/1,,,,,,
,,,,,,,,,,1.14,1.22,1.28,,1.35,,,,,,
,,,,,,,,,,Sz +3,,,,,,,,,,
,,,,,,,,,,,,,,,,,,,,
PC001TNT,2012110815.1,,S4,N°84,C5,,,,,19.5/8.7,,19.2/7.5,,,,,,,,
2012110815.1,,,,,,,,,,1.21,,1.27,,,,,,,,
,,,,,,,,,,,,,,,,,,,,
PPI0000489,2122120052,,S1,N°167,E6,,,,,22.8/16.8,,,,,,,,,,
2122120052,,,,,,,,,,1.00,,,,,,,,,,
,,,,,,,,,,,,,,,,,,,,
PPI0001483,2122120048,Adagolás,,N°67,E,,,,,D5,C5,,,,,,,,,
,,,,,,,,,,1.11,1.15,,,,,,,,,
,,,,,,,,,,,,,,,,,,,,
PPI0001484,2122120050,,S1,N°168,E6,,,,,,,,,18.2/16.8,16.2/16.8,,,,,
2122120050,,,,,,,,,,,,,,1.48,1.68,,,,,
,,,,,,,,,,,,,,,,,,,,
PPI0001619,2122120051,Cserélni a szigm.kést a 991451374-ra +üllőt 991272586-re +szigm.+hézagolót kiszedni a rézm. mögül!,S1,N°167,E6,,,,23.1/16.2,,,,,,,,,,,
2122120051,,,,,,,,,0.86,,,,,,,,,,,
,,,,,,,,,,,,,,,,,,,,
,,,,,,,,Cserélni a szigm.kést a 991451374-ra +üllőt 991272586-re +szigm.+hézagolót kiszedni a rézm. mögül!,,,,,,,,,,,,
RFB7808V,2125120015,,C13,N°54,C1,,,,B/5,A/5,,,,,,,,,,
2125120015,,,,,,,,,0.98,1.04,,,,,,,,,,
,,,,,,,,,,Sz -2,,,,,,,,,,
,,,,,,,,,,,,,,,,,,,,
RN-MA405,2122120080,,V1,N°22,A6,,,,18.9/14.4,,,,,15.3/13.2,,,,,,
2122120080,,,,,,,,,1.52,,,,,1.90,,,,,,
,,,,,,,,,,,,,,,,,,,,
RS-467-598,2642520015,,,N°72,E2,,,,,23.4/18.3,,,,,,,,,,
,,,,,,,,,,0.67,,,,,,,,,,
,,,,,,,,,,,,,,,,,,,,
SC16M11TK6.F,2122120022,"Szakszil,csak rézre saruzva a szigmegfogot is",T10,N°13,A3,,,,,,19.5/13.2,17.4/12.6,,16.2/12.3,,16.8/17.4,,,,
,,,,,,,,,,,1.30,1.40,,1.50,,1.56,,,,
SM16M11TK6,,,,,,,,,,,,,,,,,,,,
,,,,,,,,"Szakszil,csak rézre saruzva a szigmegfogot is",,,,,,,,,,,,
SC20M11TK6.M,,,T10,N°24,A6,,,,21.9/14.1,18.9/13.8,,,,,,,,,,
,,,,,,,,,0.97,1.18,,,,,,,,,,
SM20M11TK6,,,,,,,,,,,,,,,,,,,,
,,,,,,,,,,,,,,,,,,,,
SC20WL3S25,,"Az 1 eres kábelnél a blankolásra figyelni ,NE vágjunk bele a kábelbe !",T11,N°24,A6,,,20.8/17.7,21.9/17.7,20.8/16.2,,,,,,,,,,
,,,,,,,,0.99,0.93,1.03,,,,,,,,,,
,,,,,,,,1 eres,,,,,,,,,,,,
,,,,,,,,"Az 1 eres kábelnél a blankolásra figyelni ,NE vágjunk bele a kábelbe !",,,,,,,,,,,,
SEH-0001T-P0.6,,,R. 0.,N°75,E2,,,19.5,18.5,,,,,,,,,,,
,,,,,,,,0.68,0.75,,,,,,,,,,,
,,,,,,,,,,,,,,,,,,,,
SJWPSR-21T-P1.0,2122120136,,S1,N°78,E4,,,,19.2/8.4,18.0/6.0,17.0/0.0,16.0/0.0,,,,,,,,
2122120136,,,,,,,,,1.11,1.22,1.27,1.38,,,,,,,,
,,,,,,,,,,,,,,,,,,,,
SJWPST-21T-M1.ON,2122120152,,T12,N°78,E4,,,,19.2/8.4,18.0/6.0,17.0/0.0,16.0/0.0,,,,,,,,
2122120152,,,,,,,,,1.11,1.22,1.27,1.38,,,,,,,,
,,,,,,,,,,,,,,,,,,,,
SM20WL3S26,,,,N°24,A6,,,,21.9/17.7,20.8/16.2,,,,,,,,,,
,,,,,,,,,0.93,1.03,,,,,,,,,,
SP20W2F,,,,,,,,,,,,,,,,,,,,
,,,,,,,,,,,,,,,,,,,,
SPHD-001T-P0.5,2862120013,,T5,N°75,E2,,,,22.8/16.8,21.3/15.0,,23.6 / 17.0,,,,,,,,
2862120013,,,,,,,,,0.70,0.87,,0.62,,,,,,,,
,,,,,,,,,,,,0.13 ,,,,,,,,
,,,,,,,,,,,,,,,,,,,,
ST730652-3,2122120523,"mozgó üllő ki, szigm. ki ,szigetelés fogózni",,N°108,D1,,,,,,,,,,,,,,,17.2
2122120523,,,,,,,,,,,,,,,,,,,,2.85
,,,,,,,,,,,,,,,,,,,,
,,,,,,,,"mozgó üllő ki, szigm. ki ,szigetelés fogózni",,,,,,,,,,,,
SS20M2F,2122120470,Adagolás,?20,N°24,A6,,,,,18.6/18.0,,,,,,,,,,
2122120470,,,,,,,,,,1.20,,,,,,,,,,
,,,,,,,,,,,,,,,,,,,,
SVH-21T-P1.1,2122120322,,D24,N°89,A,,,,,21.3/10.0,21.0/8.4,,,,,,,,,
2122120322,,,,,,,,,,1.11,1.13,,,,,,,,,
,,,,,,,,,,,,,,,,,,,,
SXH-001T-P-0.6,,,T1,N°99,E2,,,27.0/14.0,26.0/14.0,23.6/13.5,,,,,,,,,,
,,,,,,,,0.63,0.70,0.85,,,,,,,,,,
,,,,,,,,,,,,,,,,,,,,
SWPR-001T-P025,C99900005,,,N°179,E,,,,15.4/16.0,,,,,,,,,,,
C99900005,,,,,,,,,1.06,,,,,,,,,,,
,,,,,,,,,,,,,,,,,,,,
UHM2200G,,,,N°21,E6,,,,,19.5/21.0,18.3/20.4,17.4/20.4,,16.2/20.1,15.9/20.1,15.9/15.3,,,,
,,,,,,,,,,1.20,1.30,1.40,,1.50,1.59,1.53,,,,
,,,,,,,,,,,,,,,,1.00+0.75,,,,
,,,,,,,,,,,,,,,,,,,,
V23540-B6100-Y17   C/L 064623,,C/L 064623,,N°49,B6,,,,,,,,,,,,,D/7,,
,,,,,,,,,,,,,,,,,,2.11,,
,,,,,,,,,,,,,,,,,,Sz +3,,
,,,,,,,,,,,,,,,,,,,,
ZN010160004,2122120099,,D6,N°3,D7,,,,,,,22.5/22.8,,,,,,,,
,,,,,,,,,,,,1.06,,,,,,,,
,,,,,,,,,,,,,,,,,,,,
ZE064-2022,2122120016,,,N°78,C4,,,,,21.0/3.0,,,,,,,,,,
2122120016,,,,,,,,,,0.87,,,,,,,,,,
